date,prediction,confidence,normalized_atr,atr_threshold,high_vol_regime,raw_direction,signal,cooldown_blocked,entry_price,stop_loss,target,ema_9,ema_21,ema_50,ema_200,macd,macd_signal,macd_diff,rsi_14,atr_14,bb_percent_b_20,adx_14,ret_mean_5,ret_std_5,ret_skew_5,ret_mean_10,ret_std_10,ret_skew_10,ret_mean_20,ret_std_20,ret_skew_20,comex_mcx_spread,comex_mcx_spread_z_10,comex_mcx_spread_z_20,gold_silver_ratio,day_of_week,days_to_expiry
2024-03-26 00:00:00+05:30,0.0002907519622390066,0.025594304097171665,0.011811429297232126,,False,BUY,BUY,False,74812.53805400098,73487.073548344,77021.64556342928,74189.40088000303,72745.21425274212,71372.47738364029,71050.07075348587,1387.2895285409177,1084.1048068055663,303.18472173535133,64.74667820096712,883.6430037713204,0.7761203472375087,26.552879819540784,0.00011059821556778891,0.011177192361940248,-0.23172012357378138,0.003939418401178654,0.010353602497959127,-0.23316884286906858,0.0034768169540974592,0.01136002608764567,-0.26519255837072353,7230.480062607792,1.700532351573156,1.608518078156165,92.40602040196212,1,3
2024-03-27 00:00:00+05:30,0.0002534383700364944,0.024703559146610803,0.011173058511336844,,False,HOLD,HOLD,False,75886.62587192534,,,74314.02831480262,72933.15278012928,71507.38172365443,71087.50823906313,1368.9637607439072,1141.0765975932345,227.88716315067268,63.646182465663074,847.8857110949501,0.7372661550460625,26.851542981304675,-0.0005066543145254603,0.01120109018198067,0.04228348032731927,0.003183735961797245,0.010504230344262266,0.02034816092977072,0.004282749530091785,0.010259184457283547,-0.07968226687086112,7436.057294187762,1.4590571713372174,1.500164882546007,91.96208650949765,2,2
2024-03-28 00:00:00+05:30,0.00038178663876971985,0.03667446388685385,0.01134392982247258,,False,BUY,BUY,False,76588.79940452761,75285.57245607903,78760.8443186086,74628.54782622716,73201.65033392892,71679.11678829251,71135.26065332047,1424.6874579368596,1197.7987696619596,226.8886882749,67.70691456416213,868.817965632391,0.8043232466953292,27.655041190430996,0.003978143428710135,0.011837275243942283,-1.0507715985221178,0.0024965134726597947,0.009362641233652751,-0.44348304799257426,0.0044672018503325375,0.010410149142127562,-0.09678643841363914,7835.940513787427,1.375473765427476,1.4511978671598083,90.80111082380077,3,1
2024-03-29 00:00:00+05:30,0.0004710956981957075,0.04585067985546886,0.010974182093892594,,False,BUY,BUY,False,78296.1674298103,77007.31283186734,80444.2584263819,75020.59814188725,73509.57297671061,71871.6533614782,71189.52472049666,1508.1237138034776,1259.863758490263,248.2599553132145,70.06129517009944,859.2363986286408,0.8333638246371036,28.701113385851993,0.003405222606847544,0.011408994319299672,-1.031001722069974,0.0028707557957737477,0.009567174388800616,-0.5185786222000504,0.005114835677626535,0.010274562987521708,-0.2754868584747629,9228.089419638185,1.6663093630370394,1.6687826434310418,91.46881855290368,4,0
2024-04-01 00:00:00+05:30,0.0006640105148653858,0.06122194166569418,0.011846531391490287,,False,BUY,BUY,False,79001.58124181985,77597.73917358197,81341.31802221632,75675.71199947187,73944.7179269924,72123.59508964808,71260.2375832759,1692.5077030229004,1346.3925473967906,346.11515562610975,74.8607027692742,935.894712158589,0.9347450703708904,30.38172864666156,0.010602707365511787,0.008779869192358482,-0.3075618891983216,0.0040619573851138156,0.01117818537589741,-0.06326237539096367,0.006244018243472411,0.010845956478990035,-0.35175069906221024,10080.11480412817,1.5803834690647962,1.7007342154298257,89.67580742946295,0,29
2024-04-02 00:00:00+05:30,0.0007113870612708262,0.07169397769767924,0.011984531453101004,,False,BUY,BUY,False,77540.73367384289,76146.79963142684,79863.95707786964,76340.88584794146,74404.43277379489,72393.32003679207,71337.26587838579,1873.95258324944,1451.9045545673207,422.04802868211937,76.53443917603026,929.2893616106983,0.9518571210705783,32.13639778520157,0.010478930733763468,0.008802083223006083,-0.23694729927630537,0.005294764474665629,0.010946237256406375,-0.4359052850363852,0.007314218452130719,0.009922549761022033,-0.4290451565978943,9866.978741820887,1.2018119447998417,1.4757994017215545,88.44999190328163,1,28
2024-04-03 00:00:00+05:30,0.0004666465613218789,0.041427757849687864,0.012592557062677033,,False,BUY,BUY,False,77493.95400929224,76030.18345248052,79933.57160397845,76580.85541312175,74689.55103743562,72595.17939510779,71398.99192610178,1878.219819220787,1537.1676074980141,341.0522117227729,66.63953655464437,975.8470378744821,0.8063710605016512,32.29651961775959,0.007163580419469262,0.015381532779526797,-1.5526864024149045,0.003328463052471903,0.013313757044820369,-0.48872519596248976,0.006571672234314619,0.011264103720385022,-0.7342327234440749,8177.389828020372,0.2820136872307075,0.9006752936399315,88.96042015058171,2,27
2024-04-04 00:00:00+05:30,0.0004960186894825312,0.044472342811770385,0.012012175769832044,,False,BUY,BUY,False,76426.98483597342,75049.90327286141,78722.12077449342,76763.47513235584,74944.49676214987,72787.28820350718,71459.63831498925,1856.4271696704236,1601.0195199324962,255.4076497379274,66.34374112264848,918.0543754080009,0.7872706731795741,32.41019628841624,0.004191891775712435,0.015101745439044549,-0.7406591537992336,0.004085017602211286,0.012792573465864333,-0.6761883008105577,0.00575147094331206,0.01115341936407387,-0.5594171930389806,8867.642265722636,0.5416236069878658,1.0450846145529327,89.71685372906758,3,26
2024-04-05 00:00:00+05:30,0.0003193757743768296,0.026672695496208154,0.012400219891562743,,False,BUY,BUY,False,75968.33076344113,74555.29475404866,78323.39077909524,76696.17707307937,75079.26840522474,72930.02140478036,71509.06464853139,1733.0829413001775,1627.4322042060326,105.65073709414492,59.82150818993641,942.0240062616406,0.655688689849399,31.542926168365742,-0.00042300114246932345,0.016632781034976403,0.3329289008138705,0.0014911107321891113,0.013596962356955644,-0.18578643641322767,0.004698675903156562,0.011973884470065378,-0.4154459298031496,6946.191654746901,-0.9639617899666333,0.2954614143270396,87.51930290019453,4,25
2024-04-08 00:00:00+05:30,0.00030349015447851414,0.026263114649850813,0.011929172485322322,,False,BUY,BUY,False,77374.03376095154,75989.52146902222,79681.5542475004,76550.60781115173,75160.09225597167,73049.17079139451,71553.43545564493,1580.1077031294553,1617.9673039907173,-37.859600861261924,57.21749457960885,923.0081946195436,0.5752562670320698,30.352130156199397,-0.006036420316141234,0.010902135970179258,0.33627547621340637,0.0022831435246852775,0.012805910579818173,-0.23967227823961207,0.0033483220885921865,0.011555756372568633,-0.2812648924924065,7059.172084622682,-1.0384149017232258,0.2561843034935903,88.45614246296238,0,22
2024-04-09 00:00:00+05:30,0.0005695809185770133,0.04831680313975125,0.012446075192771166,,False,BUY,BUY,False,77983.84437531065,76527.95518893593,80410.32635260186,76715.2930011117,75361.3596655153,73218.7732607889,71611.35185669275,1554.3842348127218,1605.2506901551183,-50.86645534239642,62.592052763996065,970.5927909164811,0.7621245586302107,29.967995160887572,-0.0041633249602610915,0.0143758984777461,1.046793094013244,0.0031578028867511885,0.0136323212091776,-0.23428332945343747,0.0035486106439649215,0.011788464500218705,-0.24868698988734644,7905.892326428002,-0.387794700183667,0.5807277173747003,87.2470842728159,1,21
2024-04-10 00:00:00+05:30,0.0005398605154143398,0.04567013823931761,0.012406165958691939,,False,BUY,BUY,False,77347.98191451702,75908.59406421492,79746.96166502053,76969.00327595149,75599.76736640578,73405.63879469172,71674.75974245014,1565.1626008403546,1597.2330722921656,-32.070471451811045,64.665809423956,959.5919002014008,0.8392715222518128,29.9115919197758,0.0011396575538784016,0.012450952833055026,0.3532701271955054,0.004151618986673833,0.013569533788441697,-0.4989744248838506,0.0036676774742355396,0.011820864491046615,-0.2776565234593587,8236.42921288553,-0.17092004428804727,0.6693426693833061,86.49408830760912,2,20
2024-04-11 00:00:00+05:30,0.0004921207669417056,0.043358365493260706,0.012300683834974726,,False,BUY,BUY,False,76428.06160574571,75017.88547284734,78778.35516057634,77044.7990036646,75758.69596168862,73560.24048566527,71731.20971431151,1505.0465078261623,1578.795759398965,-73.74925157280268,60.8762008976138,940.1174219322487,0.7090702610410005,29.40529206132573,-0.00037708683283216375,0.01315821055016104,0.7314309445896465,0.0019074024714401366,0.013568729550639742,-0.034322531445545715,0.002201957972049966,0.011350076538706172,-0.16018257946838038,6369.727607904351,-1.5226212404420034,-0.3530867175528966,85.09784895697804,3,19
2024-04-12 00:00:00+05:30,0.0003763310758990609,0.032032439796182775,0.012490895418709487,,False,BUY,BUY,False,76473.42551744757,75040.59317677421,78861.47941856984,76921.45152408083,75819.54738387562,73672.70405900177,71777.94455900241,1367.4115213423938,1536.518911787651,-169.10739044525712,55.78297426893116,955.2215604489071,0.5310298993389724,28.08423670585827,2.8177539371478793e-06,0.012690575794003012,0.8485236942755091,-0.00021009169426608674,0.013949328060657296,0.38599461069572033,0.0013303320507538307,0.011748436219457356,-0.0004412047792204584,4927.568859207837,-1.8438982508470525,-1.1190284267430715,85.15240952422413,4,18
2024-04-15 00:00:00+05:30,0.00036132535856657364,0.031244800066429185,0.012212377858019933,,False,BUY,BUY,False,75380.1951257941,73999.3379869629,77681.62369051277,76831.84632275418,75878.99085056396,73782.53627305847,71824.66576256903,1247.6135787761305,1478.737845185347,-231.1242664092165,55.97856785077301,920.5714258874699,0.5279464894566575,27.04859276301662,0.0013253497328124457,0.01224275736092077,0.45196595886501384,-0.0023555352916643933,0.011597202017329713,0.3924017582400201,0.0008532110467247119,0.01156433575501729,0.11131439858694965,4857.206286520435,-1.5185254012199667,-1.1138816056179053,84.32412284828206,0,15
2024-04-16 00:00:00+05:30,0.00024709660251218585,0.020539912549234443,0.012551244759335155,,False,HOLD,HOLD,False,74790.50415403149,,,76541.51608336216,75833.64578467578,73845.18956140104,71860.04416419317,1052.3277112914511,1393.455818406568,-341.1281071151168,50.21389260323797,938.7139233113219,0.31770442457626347,25.327276160117545,-0.005221333357425829,0.009262478113788856,0.6944883289455954,-0.0046923291588434595,0.011414602177448474,0.8923960207634916,0.000301217657911085,0.012030070815534973,0.13527935847404432,2709.584574275388,-2.0234585117641872,-2.046635509138402,82.93251388272229,1,14
2024-04-17 00:00:00+05:30,0.00012155148617221523,0.009991777968002316,0.012461093803197045,,False,HOLD,HOLD,False,75086.06748642765,,,76191.31369749604,75738.81472734449,73882.26072189635,71889.20297006221,840.29274943161,1282.8232046115763,-442.53045517996634,47.37961702552408,935.6545302615588,0.21088627369916163,23.844779267393015,-0.008362150946783449,0.0056988637268676565,1.0167977670056993,-0.0036112466964525226,0.010412193753648248,1.1165527468619794,-0.0001413918219903098,0.012165150843170443,0.2345303566028702,2621.4983575745428,-1.5562496893815048,-2.0026823878391484,82.4672050937911,2,13
2024-04-18 00:00:00+05:30,0.00018836569871871913,0.01563798505093291,0.011863078693039658,,False,HOLD,HOLD,False,76149.51721780562,,,75970.26445528236,75679.47406907933,73929.46883030934,71921.01256723997,688.1702075453068,1163.8926051983224,-475.7223976530156,48.93539952762133,903.3677151918065,0.25179646119866855,22.355245277883707,-0.005935892859550494,0.007935484051446258,0.3422885123597003,-0.003156489846191328,0.010654641446384937,0.9282874364127102,0.00046426387800997914,0.012045394474109811,0.09343493259541488,2093.738876681833,-1.4377834181750997,-2.0130701352249125,81.86897236961919,3,12
2024-04-19 00:00:00+05:30,0.00032543410349924535,0.026775870801897642,0.012243672360995274,,False,BUY,BUY,False,76723.17628407005,75314.1161346945,79071.60986636265,76006.11500778701,75722.20526441808,74016.52955138763,71963.08724037994,645.977081134115,1060.309500385481,-414.332419251366,54.18421283140214,939.3734329170367,0.44824985535531386,21.361830174529338,-0.0007302375605415474,0.010954827534439436,0.13538195030861913,-0.0003637099033021986,0.011183217914982191,0.47366468318072247,0.0005637004144434566,0.012154006340521384,0.09462146562583919,2682.923382247347,-0.9627069768475542,-1.5635909058099047,81.28199696405032,4,11
2024-04-22 00:00:00+05:30,0.0003768532795799422,0.032082814895020864,0.0128323709430519,,False,BUY,BUY,False,74657.30374516617,73220.25842226706,77052.37928333133,76149.52726304362,75813.20262984099,74122.67256051244,72010.45131046641,651.3202029796666,978.5116409043181,-327.1914379246515,56.7658190707933,958.0302152660701,0.53994048412525,20.946239969860475,0.0006521058168259538,0.011581745459813688,-0.33657591150915805,0.0009887277748192008,0.011240901931998233,0.078144331694491,0.0016359356497522392,0.01174626605592605,-0.07819780641718627,3101.1838268027495,-0.6334072412561224,-1.2720189907276263,81.73235721891663,0,8
2024-04-23 00:00:00+05:30,0.00011315003412596662,0.008550394504850352,0.013990123600533646,,False,HOLD,HOLD,False,74945.46927042321,,,75851.08255946814,75708.12091305238,74143.6384893224,72036.78815061267,483.28500812582206,879.466314348619,-396.18130622279693,46.58552760412974,1048.496378393217,0.10980409901448861,19.742264743952234,-0.0019272434686898002,0.016262085270178212,-1.1048030325930558,-0.003574288413057814,0.0125968392996001,-0.45494159562349384,-0.00020824276315331274,0.013233311522852004,-0.2107750327988029,1873.2320933601004,-0.991342575858284,-1.5343804630847877,83.73644348459217,1,7
2024-04-24 00:00:00+05:30,0.00016976223305655746,0.012806879883106597,0.013665462146398024,,False,HOLD,HOLD,False,75025.28981483758,,,75669.95990165915,75638.78894554063,74175.08283367929,72065.73025130731,369.1135439944337,777.395760277782,-408.28221628334825,47.98676070715073,1025.2552579872042,0.16619013180461825,18.393117182266362,0.00041396911690249363,0.01603665674193662,-1.847956493978311,-0.003974090914940476,0.012252692844046878,-0.4536170059343386,8.876403586667845e-05,0.013255549720622336,-0.28256873762407053,2101.0165719077195,-0.8139686494108177,-1.2994627803100172,83.92259116691106,2,6
2024-04-25 00:00:00+05:30,0.0002019085971216415,0.015730978120706205,0.012852065715843375,,False,HOLD,HOLD,False,75413.9239419012,,,75541.02588429484,75583.0162972949,74208.4242839208,72095.17860517329,281.82399536621233,678.2814072954681,-396.4574119292557,48.39062678483509,969.2247063909283,0.20158898723767774,17.140337303558052,-0.00016195356834779848,0.015929535312309517,-1.7091245638476111,-0.0030489232139491456,0.012248509872786499,-0.7226091146017241,-0.0005707603712545043,0.012835094904612154,-0.2184179807845363,3149.5118018531793,0.12801508553669405,-0.8513854629100241,84.39585282593335,3,5
2024-04-26 00:00:00+05:30,0.00023472862100856387,0.018476620655228978,0.01220977460910531,,False,HOLD,HOLD,False,76906.19723508354,,,75515.60549581611,75567.64426498637,74255.6987803122,72128.20094683228,241.22523098887177,590.8701720341488,-349.64494104527705,50.409606527301094,939.0073342837679,0.2966985683695648,16.271171801766727,-0.0019413627614601214,0.01436309007674655,-2.0916670845475203,-0.001335800161000833,0.012059544270359955,-1.1937670686410544,-0.0007729459276334597,0.012704088338910312,-0.1934931382720673,2652.619599959231,-0.15653426902484122,-0.9262262395047149,83.9022915163212,4,4
2024-04-29 00:00:00+05:30,0.0003917280429331241,0.03138331014625237,0.013204096468282134,,False,BUY,BUY,False,75040.46429255413,73554.20199823877,77517.56811641304,75793.7238436696,75689.33089863157,74359.63989618559,72175.74319845668,325.70982096433,537.8381018201851,-212.1282808558551,57.31475841525229,990.8415295435656,0.6171865456231667,16.347900691258328,0.0004765261574766498,0.01710644562751909,-1.1894912776308137,0.0005643159871513027,0.013772542370619863,-0.8353556912576164,-0.0008956096522565448,0.012482049889179782,-0.27455751136464385,1607.7510237778624,-1.6506286405123494,-1.1911555580652111,80.74308536038994,0,1
2024-04-30 00:00:00+05:30,0.00018368354386930096,0.013798988236695143,0.014544174878863041,,False,HOLD,HOLD,False,74524.97073417297,,,75643.07193344651,75630.3430253518,74386.33889212161,72204.24788596014,239.3562613306276,478.1417337222736,-238.785472391646,48.26575797973005,1083.9042071999618,0.23070083659491353,15.234478012809914,0.0010238265784551933,0.01600403403910827,-1.0414052251841508,-0.0004517084451173027,0.015290193398587315,-0.8468382298744669,-0.002572018801980381,0.013311377669040841,-0.15656508112914636,-95.04736789004528,-2.4012172845169673,-1.6565217463531423,80.73227645730596,1,0
2024-05-01 00:00:00+05:30,9.34004708536839e-05,0.007289328306942777,0.014059388820871562,,False,HOLD,HOLD,False,75070.314743463,,,75419.4516935918,75529.85463524463,74391.77543494717,72227.3396555941,127.85063859767979,408.0835146973549,-280.2328760996751,46.100078154044496,1055.4427438835532,0.14525174433102533,14.247980847204333,-0.0011253051655556949,0.016248859227056395,-0.3792939057351894,-0.00035566802432659983,0.015241473229496713,-0.8731915499657724,-0.001983457360389561,0.012813316525299582,-0.21516224434157993,-1513.474795495742,-2.2106749944939055,-1.896349132518407,78.61951378918299,2,30
2024-05-02 00:00:00+05:30,0.00017985526844876192,0.013857837673293122,0.013867707381980359,,False,HOLD,HOLD,False,73673.71443856446,,,75349.62430356604,75488.07828144629,74418.38481959485,72255.62796492613,82.53492194288992,342.9737961464619,-260.43887420357197,48.72141676816657,1021.6855135775934,0.29708209476302155,13.370845649653715,0.0001199900026611073,0.01669121186301565,-0.6713575707406334,-2.0981782843344702e-05,0.015382476774028903,-0.9169766593892499,-0.0015887358145173364,0.012978595412138482,-0.2871878455051012,-2177.881337203449,-1.8247717158666046,-1.897266116327739,77.44267180801384,3,29
2024-05-03 00:00:00+05:30,1.1001354162253247e-05,0.0008292517859363344,0.014208270478077286,,False,HOLD,HOLD,False,75005.20008251246,,,75014.44233056574,75323.13611391158,74389.18205955444,72269.73827809666,-65.31912451008975,261.3152120151516,-326.63433652524134,42.9593421154385,1065.6941700346417,0.030571733700207427,13.185124695921818,-0.00466916924884386,0.01824426986414943,0.36412388990441225,-0.00330526600515199,0.01554637963677332,-0.43022813525974335,-0.0018344879542270937,0.013266602917027512,-0.2880342054976777,-1965.4887539374467,-1.3405572110664887,-1.6154224624675164,78.85252866610026,4,28
2024-05-06 00:00:00+05:30,0.00021623471219752883,0.015520948388125897,0.014411208268547252,,False,HOLD,HOLD,False,75352.54806488214,,,75012.59388095509,75294.23283832983,74413.3396290822,72296.95680351373,-74.1994329032168,194.2122830314779,-268.4117159346947,49.13555581382789,1085.9212637287337,0.344227104743054,12.251638473428887,-0.005005803186161561,0.01769180681689822,0.2859382601157079,-0.0022646385143424547,0.016658871108195205,-0.33528635532231554,-0.0006379553697616264,0.013931797644721017,-0.36765583880923514,-1233.4759275620163,-0.8148277520493509,-1.2481291939623884,77.58892757963605,0,25
2024-05-07 00:00:00+05:30,0.00020134077312872913,0.015171894924370368,0.013695431867554038,,False,HOLD,HOLD,False,76137.184215877,,,75080.58471774051,75299.53422256185,74450.1713324469,72327.36069666168,-52.60269093782699,144.84928823761695,-197.45197917544394,50.637144671572756,1042.7316190159543,0.44125074927488384,11.659590329456435,0.0008300497886035419,0.014071688524287885,-0.40267670158412155,0.0009269381835293683,0.014207431417742705,-0.6233234996705096,-0.0013236751147642227,0.013270641151443694,-0.4202389976601007,-316.3557914131088,-0.2686575400832337,-0.869478982227994,77.69861493414275,1,24
2024-05-08 00:00:00+05:30,0.00030512229537664167,0.022815657495422914,0.013779315161565872,,False,HOLD,HOLD,False,75632.44838512797,,,75291.9046173678,75375.68422195413,74516.32870042455,72365.26938839516,27.509351888642414,121.38130096782204,-93.87194907917963,53.94468186856247,1042.163342739542,0.6740324290444264,11.621151966191098,0.0042805043475201855,0.01381732268798161,-1.4969374842637697,0.001577599590982246,0.014502230751804228,-0.7173817961473894,-0.0011982456619791149,0.01337337288823926,-0.42178560332248216,1416.6728309176542,0.6519307596814349,-0.1388094462880169,76.83646566398713,2,23
2024-05-09 00:00:00+05:30,0.00024359080478416598,0.018266362445552232,0.013284045342300868,,False,HOLD,HOLD,False,76389.90606946369,,,75360.01337091984,75399.0264186063,74560.09809982468,72397.77863214376,49.69787356599409,107.04461548745647,-57.34674192146238,51.55176027424189,1014.7669759208599,0.565908623241917,11.208683164523004,0.0014920396603244907,0.014450250098626608,-0.5130789556591928,0.0008060148314927996,0.014735940290224174,-0.511415896689011,-0.0011214541912281726,0.013335485130674122,-0.4401664155963046,-218.11768704657152,-0.020780469557978708,-0.7698934448658284,76.29541043236513,3,22
2024-05-10 00:00:00+05:30,0.0003451565887833926,0.025954508961467282,0.013140085883218836,,False,BUY,BUY,False,77391.13246613147,75865.74327532467,79933.4477841428,75565.99191062861,75489.10638686606,74631.85527510465,72437.50129321162,126.93966025662667,111.02362444129052,15.916035815336144,54.79267473199661,1016.9261272045331,0.8032676666669231,11.394025400432128,0.007240897709819357,0.009094858657771755,-0.7940548967525999,0.0012858642304877494,0.014969983243969818,-0.5796734108365104,-2.4967965256541407e-05,0.013298521243296136,-0.6537583361758073,1188.1628554408235,1.0897235505028915,-0.019778950671266206,77.57703281031037,4,21
2024-05-13 00:00:00+05:30,0.0004432203041099402,0.032552552878321955,0.013192304017104447,,False,BUY,BUY,False,77623.23617259739,76087.19217702678,80183.3094985484,75931.02002172919,75662.01784861746,74740.06222377237,72486.79115562873,265.88003577112977,141.9949067072584,123.88512906387137,58.723229689478,1024.0293303804037,1.0461625222827198,11.99404419067161,0.00626295216899612,0.007836485102325284,-1.4979234717534062,0.0006285744914172801,0.01420134667697883,-0.7245111572322647,0.0005964452392842918,0.013615531346086786,-0.7099481759552585,2908.083202384194,1.9018299395627287,0.9861188748493873,78.51797652969061,0,18
2024-05-14 00:00:00+05:30,0.0004535837805595019,0.03447987760440174,0.012813634864088373,,False,BUY,BUY,False,77857.45353824589,76360.99806661568,80351.5459909629,76269.46325190284,75840.31042352473,74853.12786882433,72537.90006127022,390.22187880375714,191.64030112655814,198.581577677199,59.60014832501452,997.6369810868081,1.0122104945758046,12.817301317912195,0.005937815338384445,0.00795451375973009,-1.25294760283091,0.0033839325634939937,0.011107404940409332,-0.8448233894752301,0.0014661120591883462,0.013155028731934849,-0.9208798138648954,2243.394640738683,1.221571791066168,0.6371130741800969,77.05049138964517,1,17
2024-05-15 00:00:00+05:30,0.0004144825589722505,0.03194965402365328,0.012237588368239016,,False,BUY,BUY,False,78126.05774597346,76691.94594268072,80516.2440847947,76587.06130917145,76023.68707031757,74970.94456174283,72590.83094163814,501.8777350912569,253.6877879194979,248.189947171759,60.511828096976714,956.0745355284945,0.9848280060662938,13.484405564435539,0.004468573479182729,0.007604477078045468,-0.5585883426246654,0.004374538913351458,0.010514932961021746,-1.2206017338606652,0.00200943544451243,0.012972990526451294,-1.0781005501524081,1379.3307331910764,0.5987046499113993,0.19156973218559095,75.42094205993095,2,16
2024-05-16 00:00:00+05:30,0.0004249831867534278,0.03276777445377478,0.01207434815204144,,False,BUY,BUY,False,77336.3069385603,75935.62869640633,79670.7706754836,76894.86059653186,76214.81167719536,75094.67449053618,72645.90782526336,605.0651064732374,323.96325163024585,281.10185484299154,61.58253272862704,933.7854947693153,0.9664413575334883,14.357093686683701,0.006487648913855337,0.004699085846340222,0.8361971091206848,0.0039898442870899145,0.010466639184419561,-1.1027800732640252,0.0019844312521232854,0.012969546874565679,-1.0726481177090241,1351.5718965223932,0.4363938024827901,0.1986821781653242,73.74372489001672,3,15
2024-05-17 00:00:00+05:30,0.0003758607569618617,0.0291069345760718,0.012156189966995856,,False,BUY,BUY,False,77214.96096728039,75807.00136656174,79561.56030181146,76983.14986493756,76316.7657918649,75182.58164536065,72692.57846320662,616.0145198538085,382.37350527495835,233.6410145788501,56.713413690691844,938.6397338124306,0.780524456723912,14.630627603317938,0.002462593223278224,0.008251895579025604,-0.6174580733005589,0.004851745466548792,0.008565573360994463,-0.4082202450360193,0.0007732397306984013,0.012913100003009211,-0.8696732395330041,-507.55485849631077,-1.0021576170993483,-0.7877844946980266,72.88437736985034,4,14
2024-05-20 00:00:00+05:30,0.00039361613997904106,0.030695544571819916,0.01175773237107552,,False,BUY,BUY,False,77089.17830573513,75729.5874148977,79355.16312379751,77029.51208540612,76398.41989872085,75262.28279523987,72737.57729409293,607.8929910914303,427.47740243825274,180.41558865317756,55.98100497554592,906.3939272249546,0.7472088497743542,14.723989359754627,-0.0004557946486778829,0.005800021162325064,-1.6510779610668058,0.002903578760159119,0.007401628003873742,-0.4739595949773665,0.0003194701229083326,0.01282323364741347,-0.7788968597764703,1218.359380127411,0.13652682316162584,0.2837610049023399,75.44388500626113,0,11
2024-05-21 00:00:00+05:30,0.0003749823174045228,0.03384323339221981,0.011046878844391407,,False,BUY,BUY,False,77460.15540255171,76176.61597455213,79599.38778255101,77041.44532947193,76461.21611754033,75333.92575643577,72780.87680664659,584.5684700165293,458.8956159539081,125.67285406262124,55.18544601339333,855.6929519997193,0.7006028991984283,14.810682419302982,-0.001380781212511221,0.005471681518932846,-1.2197880475965528,0.0022785170629366124,0.007503769348211479,-0.17399063385557328,0.0016027276232329908,0.011079979062837628,-0.6902513324238384,910.0080530026898,-0.2771649126759422,0.12665884622331886,74.99492947996839,1,10
2024-05-22 00:00:00+05:30,0.0004169646546888523,0.03759101490323637,0.010608882649401852,,False,BUY,BUY,False,78410.79356010404,77163.01719911561,80490.42082841808,77125.1873440879,76552.02877981409,75417.30731118542,72827.4367926755,589.2261382079887,484.96172040472425,104.26441780326445,57.12092342567621,831.8509073256182,0.7486867191173763,15.201900205435745,-0.0010231911370349879,0.005874216629807081,-0.9794555303731409,0.001722691171073871,0.007029593532405525,-0.11897235410135752,0.0016501453810280591,0.011092136133120314,-0.7013203458505541,739.492214449725,-0.37714086766912036,0.06472319274841305,75.08464840697954,2,9
2024-05-23 00:00:00+05:30,0.0005228467839160558,0.04611517216318525,0.010922948704538579,,False,BUY,BUY,False,77436.56616846673,76167.81270829607,79551.15526875116,77382.30858729113,76721.00739620409,75534.69892879008,72882.99258140613,661.9948635962792,520.3683490430353,141.62651455324385,61.68723322133015,845.8356401137696,0.8874071374979732,16.104812248095328,0.0007275887454896216,0.008329783405317067,0.18802656991671984,0.00360761882967248,0.007061732006157219,-0.4597830562856561,0.0022068168305826403,0.011337847380594965,-0.773410708064447,2312.423652798374,0.9823538664348752,1.125776392607955,75.86729638569189,3,8
2024-05-24 00:00:00+05:30,0.00042065810898445267,0.03572454435241256,0.011247455114883577,,False,BUY,BUY,False,77335.9579853934,76031.20891108255,79510.53977591149,77393.16010352626,76786.05819368252,75609.28195779702,72928.30177132713,633.7471515209181,543.0441095386119,90.70304198230622,55.19960846069129,869.8327162072343,0.6820681249478789,16.109714084850065,0.0002591132203400674,0.009123277520906033,-0.16232223601718798,0.0013608532218091463,0.008282848435108537,-0.32475036671288104,0.0013233587261484484,0.011775044765715666,-0.5547598348844833,586.3026792251476,-0.7378498980164858,0.06538308846648831,74.66573818794264,4,7
2024-05-27 00:00:00+05:30,0.0004003227556342734,0.036499510771322095,0.0105718464339132,,False,BUY,BUY,False,78738.82947720634,77490.20725677768,80819.86651125409,77381.71967989969,76836.04908383805,75676.99474319296,72972.15904708898,596.3678394044982,553.7088555117892,42.65898389270899,54.56144207557983,832.4148136191034,0.6574986817123912,16.114265790408037,0.0003131577441365963,0.009110522610759198,-0.19138088359768643,-7.131845227064297e-05,0.0072114545485662575,-0.3306180005791665,0.00027862801957331915,0.010967893738148667,-0.6391045496797044,364.1952599580254,-0.82022611780427,-0.04591942250698875,73.74129346439787,0,4
2024-05-28 00:00:00+05:30,0.0005396415742200753,0.0540856701250875,0.01131352494365117,,False,BUY,BUY,False,78054.98097091353,76730.36550962756,80262.67340639015,77653.14163936101,77009.0291195988,75797.06669354643,73029.53885236378,672.1958154191088,577.4062474932532,94.78956792585564,61.282986117524985,883.0769741906477,0.876941435319795,16.911333397137845,0.004234701643432182,0.011867626368243737,-0.43813996895651103,0.0014269602154604812,0.00920116862328397,0.2673396842064745,0.002405446389477238,0.009977533290648164,-0.3422666388446354,1817.5241363225941,1.012193070558969,0.8914592148537401,73.58433662999471,1,3
2024-05-29 00:00:00+05:30,0.0004283115968236542,0.04251150531593183,0.011350115847344522,,False,BUY,BUY,False,77304.05369584482,75987.93874846905,79497.57860813777,77733.50950567152,77104.11565153649,75885.6123514824,73079.54325155333,669.3928295676742,595.8035639081374,73.58926565953675,56.866963924946454,877.4099649171801,0.7296199688082684,16.92731579591606,0.001529956460714843,0.013175398272021214,0.3278860719426329,0.0002533826618399281,0.009710741871195286,0.5238728152445558,0.002313960787595694,0.010075192436508193,-0.3349707637326328,95.42074607117684,-0.9573454523891355,-0.37151085791695904,72.47251795332738,2,2
2024-05-30 00:00:00+05:30,0.00037533329528444104,0.036284157802103145,0.011419569319503685,,False,BUY,BUY,False,77507.4535118075,76179.80090457306,79720.20785719824,77647.61834370618,77122.29183738268,75941.23750224171,73121.57818134727,599.6653192276717,596.5759149720443,3.0894042556274144,52.401584117514396,885.101738156295,0.5662464363674821,16.19326181851998,-0.0028430391075524196,0.012352298619932962,1.6816947639134736,-0.0010577251810313985,0.010109026490464816,0.8181259724119632,0.0014660595530292587,0.010344274692320006,-0.13300919653127188,-1943.9184683606436,-2.0904213304906456,-1.8984809839227466,70.95971749212136,3,1
2024-05-31 00:00:00+05:30,0.0004322717432378429,0.04708151464025195,0.010974658275946306,,False,BUY,BUY,False,78312.45855766104,77023.27985053173,80461.08973620988,77619.58537732645,77157.30653505767,76002.65773791097,73165.21873189912,554.4273369671137,588.1461993710582,-33.71886240394451,53.4674260398648,859.4524714195368,0.5869467605767504,15.7308623802158,0.00018300118567422208,0.01119326387795518,1.1836003097642747,0.0002210572030071451,0.009626975286284409,0.5710917407293974,0.002536401334777969,0.009181347425647088,0.04642422106559943,-670.2683569811634,-0.9989272212237774,-1.085593005111354,71.82083005235387,4,0
2024-06-03 00:00:00+05:30,0.0004855139385745904,0.056098453516953785,0.011016257629674085,,False,BUY,BUY,False,78338.8593572625,77044.35777162088,80496.36199999851,77758.16001339338,77262.32035529433,76093.2381622149,73216.43504857337,576.8831398570619,585.8935874682589,-9.010447611197037,57.52158976999959,863.0010570944081,0.7831810775863989,15.850202722253561,0.0025095363151410727,0.011988615169701273,0.231397248635946,0.0014113470296388347,0.01010486275007844,0.1897791826235861,0.0021574628948989776,0.008654675987241981,-0.08364628435822731,682.4788130762172,0.16186550922424717,-0.08212156200546265,72.39172465771998,0,25
2024-06-04 00:00:00+05:30,0.0004855240800858313,0.05617207937920759,0.010357824631263548,,False,BUY,BUY,False,79614.11369088113,78377.17014920569,81675.6862603402,77874.29988216721,77360.18753729144,76181.30173849128,73267.40444467973,590.0085974757385,586.7165894697548,3.292008005983689,57.65190083387317,824.629027783625,0.7815016956420628,15.961018754145767,-0.00101853035233741,0.008338707874479406,0.2941497380612739,0.0016080856455473864,0.01005810637430769,0.12274884365845319,0.0019433013542420005,0.008643512674831667,-0.003261647368582032,33.307233389874455,-0.30933353808857245,-0.6645664845228506,71.36838628061231,1,24
2024-06-05 00:00:00+05:30,0.0006076101491231775,0.06729920695898668,0.010829480195783033,,False,BUY,BUY,False,80452.97716401813,79146.08127968384,82631.13697124193,78222.26264391,77565.0899148905,76315.92181505558,73330.55578046283,695.2980213975388,608.4328758553116,86.8651455422272,63.479783390653495,871.2639228895189,1.0924574875559458,16.93806857235394,0.003955584437943737,0.009870986826843448,-0.21927139067161067,0.00274277044932929,0.011049480530565812,0.019079552026487635,0.002232730810201581,0.009028488990865313,0.07060895648998876,1272.3727892860334,0.6703817459692156,0.42366103308648345,70.76776163281808,2,23
2024-06-06 00:00:00+05:30,0.0006405155279399381,0.07153662538394928,0.010812733287387069,,False,BUY,BUY,False,81286.07792485539,79967.69090398656,83483.38962630344,78668.40554793163,77827.62511935666,76478.15927972078,73401.42564497582,836.7839950178895,654.1030996878272,182.6808953300623,66.72384550724786,878.924680579223,1.2101870434819093,18.250449779128335,0.007985296767980227,0.006433573572316707,-0.045189304722993956,0.0025711288302139043,0.010898586784069294,0.037980734237963984,0.0030893738299431926,0.008953672674691906,-0.14469411136863813,331.5636145771132,0.0724733727604584,-0.43065586326034805,68.38103872407271,3,22
2024-06-07 00:00:00+05:30,0.0007092877491456913,0.07909460014121616,0.010796953893719147,,False,BUY,BUY,False,81844.74197503195,80519.23111671032,84053.92673890135,79191.94002331639,78142.02991985655,76666.70510894177,73479.87989651693,1004.5570094593713,724.1938816421361,280.3631278172352,69.61095830540705,883.6739055477601,1.2147919194704413,19.851036930613954,0.009520130514501632,0.00571068582687296,-1.0770144401814605,0.0048515658500879275,0.009715733606871666,-0.2558922743245718,0.0031062095359485377,0.00896758752025199,-0.1462142272059388,188.3517346237786,-0.02808322608066521,-0.511418548889912,66.87329726724735,4,21
2024-06-10 00:00:00+05:30,0.0007255776865854901,0.08329510890325621,0.010436616632118673,,False,BUY,BUY,False,84179.88671772585,82862.05690901373,86376.26973224606,79722.50041365951,78478.64010669067,76869.7653782002,73563.11235500961,1169.1209534437658,813.179296002462,355.94165744130373,71.40277038566242,878.5532058080834,1.1455151212388555,21.64143269392676,0.008823471704387046,0.005798583412888778,-0.46630964571945066,0.0056665040097640595,0.00948136361139059,-0.5593085765659527,0.0027975927787467093,0.008710927882070701,-0.1229827285749983,1935.664691269616,1.3456265096743514,1.1608514614728693,67.04667199551018,0,18
2024-06-11 00:00:00+05:30,0.0007916553599364427,0.07617852320423094,0.011899073454718408,,False,BUY,BUY,False,83989.68958146081,82490.59035280762,86488.1882958828,80613.97767447279,78996.93525314842,77156.43680327965,73668.7519009073,1471.0088553735695,944.7452078766835,526.263647496886,77.40088380228494,999.3994857687997,1.2471600804260867,24.10563709337132,0.01438244993049872,0.008378268446306836,1.45239782088408,0.0066819597890806545,0.01131318409289657,0.24176564341180637,0.0040544600022705685,0.010392106943502344,0.36962341914116836,5079.2647221843945,2.355282116899944,3.0147453594557696,67.92477258063721,1,17
2024-06-12 00:00:00+05:30,0.0007612775532497622,0.07259637910053363,0.011760689640238046,,False,BUY,BUY,False,82010.86584885705,80564.10933829364,84422.12669979606,81289.1200558704,79450.82201026773,77424.40750046323,73771.44779822625,1675.5946610538522,1090.9150985121173,584.6795625417349,76.00260415608648,964.5043403756054,1.0788688780290225,26.19673938001884,0.010700532684868527,0.011033130064669622,0.9497504055487956,0.007328058561406133,0.010490213306658577,0.4257158443836532,0.003790720611623031,0.0104864397189221,0.4308686994085005,6654.975155733206,2.020460972889768,2.899553542521022,69.64904376025467,2,16
2024-06-13 00:00:00+05:30,0.0006374292602227305,0.05236304659596338,0.012565640675716831,,False,BUY,BUY,False,83621.6835616189,82045.5435191182,86248.5836324534,81433.46921446774,79683.55326832131,77604.26861216495,73853.43205743651,1658.932704942621,1204.5186197982182,454.41408514440286,63.208462303512455,1050.7600283338,0.8141765279308668,26.38912484302085,0.00383577393889753,0.01900299018021006,-0.412302727878876,0.005910535353438879,0.013552631429894116,-0.8246208104301654,0.0024264050862037403,0.012173265339986337,-0.03336007542649211,4394.880587412394,0.9621173886916025,1.5266621387655375,69.52049590749914,3,15
2024-06-14 00:00:00+05:30,0.0007627628607729448,0.06170650935104777,0.013170246906404098,,False,BUY,BUY,False,83180.28770373268,81537.03031352685,85919.0500207424,81871.11208389797,80041.56511316655,77840.24566900627,73950.62858981645,1755.471528894108,1314.7092016173963,440.76232727671163,67.93969499062541,1095.504926803888,0.929588232775532,27.221325171493117,0.005665620110548245,0.020185025815241633,-0.6196356255362916,0.00759287531252494,0.014131650549333649,-1.052206029494311,0.0039069662577660424,0.012361140968671455,-0.21860607244734703,6323.3104378608405,1.373140194659315,2.0585393198181796,70.64068872792447,4,14
2024-06-17 00:00:00+05:30,0.0007351028963127017,0.05892401327588563,0.012646311943973821,,False,BUY,BUY,False,83304.70446625895,81724.45854763765,85938.4476639611,82132.94720786491,80326.90353049074,78049.6590821328,74042.46599393502,1775.890920490303,1406.9455453919777,368.94537509832526,65.4557569536949,1053.49727908086,0.8428214403304675,27.704368041788538,0.003237266226316133,0.020730021122040948,-0.044602645210747006,0.00603036896535159,0.014649397448261008,-0.638301373925131,0.0037208579974952133,0.012475438372992477,-0.18142163787396315,6360.202858224147,1.1186168742277536,1.782645894132916,70.00083726135685,0,11
2024-06-18 00:00:00+05:30,0.0007868615601314362,0.06333218541863461,0.01195748778702982,0.013174658328544168,False,BUY,BUY,False,84641.06552072904,83122.92375986108,87171.3017888423,82367.29865954371,80597.61270646968,78255.73929327501,74134.62757077407,1781.5759300564823,1481.8716223248787,299.70430773160365,65.83492771050749,1012.0945072453084,0.8200619647756999,28.246002656289853,-0.002090198772606633,0.01549449018236374,-0.031709406898020896,0.0061461255789460436,0.014603914318956426,-0.6699405120048758,0.003877105612246715,0.012424355087862058,-0.22125478317642489,7460.638154637287,1.2320499484019107,1.8813230210515401,71.16409816639165,1,10
2024-06-19 00:00:00+05:30,0.0008636285017300463,0.06793258407872751,0.012621103787454633,0.013174658328544168,False,BUY,BUY,False,83045.8210897258,81473.62619909407,85666.14590744535,82822.05203178078,80965.1993259478,78506.14424337125,74239.1692419179,1872.3314384201221,1559.9635855439274,312.3678528761948,69.68403604334432,1048.129927087818,0.90113389871667,29.205397357056306,0.0015451017308652976,0.017452655390827135,-0.6250193357249745,0.006122817207866912,0.014586353389168392,-0.6694287062026788,0.0044327938285981024,0.012713022968906666,-0.30270024687136016,7962.114713503019,1.142388772054314,1.769469246294092,70.19177554605564,2,9
2024-06-20 00:00:00+05:30,0.0007268217746888805,0.053458942838256994,0.013606566949005553,0.013174658328544168,True,HOLD,HOLD,False,81824.17589947773,,,82866.80584336979,81154.34675901853,78684.17078636555,74326.79761851301,1794.8431050247746,1606.9394894400968,187.9036155846777,60.86832669065585,1113.3461274234505,0.7240478360236716,28.614760738090173,0.002508153590271539,0.015751478183408014,-0.34007650660285493,0.0031719637645845344,0.01646982844976221,-0.28228139527794033,0.00287154629739922,0.01359588753724368,-0.17426623722020612,7385.684262968047,0.7897083677491379,1.4125409182527935,71.59716947931624,3,8
2024-06-21 00:00:00+05:30,0.0006608329741136744,0.048085480574270485,0.014060633240314556,0.013194662507339984,True,HOLD,HOLD,False,80282.95939027349,,,82658.27985459138,81215.24031724209,78807.30824178172,74401.39839742809,1616.225642259058,1608.7967200038893,7.4289222551688,55.11767106425913,1128.8292474337031,0.5893236013988274,27.42081364742284,-0.00434602207397929,0.013881018697094356,0.6546004239025881,0.0006597990182844781,0.017162796447230937,0.1338436762922616,0.0027556824341862037,0.013742879684710316,-0.1835117494413801,7039.725686014921,0.5408362068378894,1.174435120967926,71.95746266644798,4,7
2024-06-24 00:00:00+05:30,0.0005362628643894936,0.03682014787207716,0.014766744005122468,0.01322008624308588,True,HOLD,HOLD,False,79537.43588400987,,,82183.2157617278,81130.4875056995,78865.1769142716,74459.92139238179,1334.9186135202326,1554.0210987071582,-219.1024851869256,48.84759984652309,1174.5089545230155,0.4163206712835325,25.584776825493208,-0.007090601302482772,0.015389614427683574,1.0231027286230665,-0.0019266675380833188,0.01805226409636189,0.47097677760243667,0.0018699182358403715,0.014564386494389195,-0.14525591185408437,7636.161637256766,0.8795847583810787,1.2161738003582607,73.30937441284094,0,4
2024-06-25 00:00:00+05:30,0.0004917054054074425,0.03450200924773817,0.014369551285194437,0.013348549663641806,True,HOLD,HOLD,False,79974.14579924151,,,81654.05978618423,80985.66463100043,78891.54001112407,74510.4439246368,1039.836660435787,1451.1842110528842,-411.3475506170971,46.11482083859107,1149.1925895518182,0.331159547416575,24.193811483078896,-0.009255444263054876,0.014622200931520592,1.8539797205203956,-0.005672821517830755,0.014696574815311695,0.6456879758660943,0.0005045691356249507,0.014251500597452218,0.052528176696481674,6481.403679625,-0.28526994533020333,0.7989139443847766,73.68801073824491,1,3
2024-06-26 00:00:00+05:30,0.0005189061132624879,0.03674792772876766,0.013678949817589397,0.013618345988484047,True,HOLD,HOLD,False,80494.8836393526,,,81318.07698879568,80893.7083735678,78933.99514006986,74564.80911741895,831.6343638161925,1327.274241605546,-495.6398777893535,47.951714871171454,1101.085473875402,0.362291417472138,22.67216642881483,-0.011343230390989889,0.010209269836589907,1.495189598665671,-0.004899064330062295,0.01509440751977441,0.457906537126849,0.0012144971156719195,0.01412069048062998,-0.09486250075754536,6695.761282740932,-0.07738271687874576,0.7768785120481946,73.2961302247873,2,2
2024-06-27 00:00:00+05:30,0.0005509374206163851,0.039561141214310314,0.013533699856762116,0.013668159680636298,False,BUY,BUY,False,80778.34328959575,79138.49851008393,83511.41792211546,81153.43831890708,80857.45157954824,78995.20645376723,74623.8148340551,700.5759321850055,1201.9345797214378,-501.3586475364323,50.13457094074599,1093.229853007883,0.3941298508455479,21.395348039018693,-0.006239778331851856,0.011679915197675446,0.24177448510751873,-0.0018658123707901582,0.013862153585429563,0.1875560084462153,0.002022361491324361,0.0139262266887563,-0.261410409586151,6325.11876717562,-1.0495736882122482,0.594282180406373,72.98709750958199,3,1
2024-06-28 00:00:00+05:30,0.0005391249683996657,0.03870335253382785,0.013466638887308688,0.013668159680636298,False,BUY,BUY,False,79436.32919366779,77831.71865399103,82110.68009312903,81078.41931304481,80850.2599168253,79065.13338850561,74685.05392316496,612.5232193060801,1084.0523076383663,-471.52908833228616,51.33111007994336,1069.740359784501,0.39930360131571374,20.374594191965205,-0.0025727695658493794,0.011180247877167235,-0.9727055552488347,-0.0034593958199143336,0.011919095565053568,0.01799187064443841,0.0020667397463053033,0.01392967102600362,-0.27176898741386957,4753.486436644685,-2.23720521717685,0.0012803575278427747,72.11367827312283,4,0
2024-07-01 00:00:00+05:30,0.00042564307774698996,0.029573492594007694,0.014108337669972866,0.013668159680636298,True,HOLD,HOLD,False,77279.94811481594,,,80750.0012891694,80721.7207601746,79079.69008674727,74732.33029401573,429.50047399292816,953.1419409092788,-523.6414669163506,45.73568539290061,1090.2916031218062,0.20032135384069616,19.134648003722567,-0.0021203152950052496,0.010364492932289948,-0.8428458724747978,-0.00460545829874401,0.012643888033333814,0.19501337083959636,0.000712455333303791,0.01439272268549152,-0.07357015176214038,2850.496842783541,-2.3160122588836236,-0.7335103317517564,71.2213769922727,0,30
2024-07-02 00:00:00+05:30,0.00030227680738405624,0.019231245012954108,0.01538097946279969,0.013682246227582325,True,HOLD,HOLD,False,77345.84044461288,,,80055.99065429872,80408.83233786927,79009.11197020095,74757.67972506848,109.19298947743664,784.3521506229104,-675.1591611454737,38.47772065387994,1189.6547834115725,-0.05873784100184983,19.20227350982546,-0.0057586567872960955,0.015465600954705271,-0.8541180879284307,-0.007507050525175486,0.014308284696148477,0.325281640416263,-0.0006804624731147205,0.015718005109936643,-0.09920896821543668,827.1031799373013,-2.1477959087927556,-1.5255649874724369,72.23056622493927,1,29
2024-07-03 00:00:00+05:30,0.00030827938173371105,0.02025441289886731,0.014976398011827891,0.013712208526356405,True,HOLD,HOLD,False,76924.57419996009,,,79513.96061236155,80130.37852939143,78943.88563586415,74783.43256804903,-137.74816427002952,599.9320876443223,-737.6802519143519,38.797333363902695,1152.0530401089893,0.008858399589775698,19.09818504419086,-0.006683321024545529,0.01474754346325348,-0.8176962456507069,-0.009013275707767708,0.012207301109700761,0.05273377073178592,-0.0014452292499503964,0.015220356337800885,-0.020603579063890654,2619.537681075235,-1.1130516699627284,-0.9064426101129225,73.58696867431038,2,28
2024-07-04 00:00:00+05:30,0.00025912269527426083,0.017299751881701738,0.014655014400904838,0.01379699360564877,True,HOLD,HOLD,False,77365.28212158424,,,78996.08332988126,79838.9417721704,78864.69695210322,74804.73745990884,-363.25608299866144,407.29445351572565,-770.5505365143871,37.457541384980594,1133.7893236218827,0.028016604836793024,19.238609748975428,-0.009073647839779406,0.012935829216852934,-0.7142738002800253,-0.00765671308581563,0.01171466994451264,-0.28611655675631265,-0.0022423746606155467,0.014978405300040147,0.12530586091582985,1917.1049903649837,-1.1380043525283692,-1.2715619395462365,74.78734760461278,3,27
2024-07-05 00:00:00+05:30,0.00031576051685270625,0.021320286945282308,0.014025024508468336,0.013892190625691017,True,HOLD,HOLD,False,78035.32207074507,,,78669.92308822187,79614.0636221171,78805.89637051424,74830.21551624392,-500.6402183630562,225.7075191399693,-726.3477375030254,39.799683017997225,1094.4473045684197,0.12243855766251989,19.330263865740786,-0.008634154488233157,0.01349567783587808,-0.582102085468274,-0.005603462027041267,0.012112326225434381,-0.6858031932696901,-0.002471831504378393,0.014810331477390215,0.15479682262346353,2055.744890458518,-0.8855681096154644,-1.342734280343068,74.43058920116843,4,26
2024-07-08 00:00:00+05:30,0.00030438052604816405,0.020463554855836022,0.013723237475210282,0.013997103782120584,False,HOLD,HOLD,False,78180.51650240386,,,78543.00288472652,79470.54166290147,78775.6777705233,74862.1071237514,-549.121579546103,70.74169940275482,-619.8632789488579,43.27766122944041,1072.8897938970845,0.21951355005181722,18.93979453980983,-0.003558847776840857,0.014419146315623495,-1.539308216726374,-0.002839581535923052,0.01186269323042542,-1.1809936854228444,-0.0023831245370031845,0.014874274200768077,0.14281039241860724,2645.7441448025784,-0.4968807453232997,-1.1242536728279937,74.06006348252491,0,23
2024-07-09 00:00:00+05:30,0.0003234305602857821,0.02470695093497598,0.013207739222984226,0.013997103782120584,False,HOLD,HOLD,False,78912.69005714709,,,78470.50560826198,79353.26664831078,78752.33811294998,74895.12612254397,-569.2652944199071,-57.25969936177758,-512.0055950581295,44.032232061347464,1042.258231658979,0.258277622937107,18.206918902520812,0.0023171896821637165,0.005342313872578843,-0.5027039200989676,-0.0017207335525661887,0.011709202279067302,-1.5549607870591566,-0.0036967775351984707,0.013090670764554887,-0.19356139357252947,5139.996124661033,0.7779670529642935,-0.016218777816270364,74.95914853625783,1,22
2024-07-10 00:00:00+05:30,0.000383054884605382,0.028565186809881394,0.013093438976475356,0.013997103782120584,False,BUY,BUY,False,79145.86056962422,77591.42332621072,81736.58930864673,78558.94249803902,79313.21423093225,78758.62642448711,74935.10188308729,-520.1530462142255,-149.83836873226716,-370.3146774819583,47.803084069940134,1036.2914956090017,0.35190215028128996,17.20462656005917,0.00401105046730796,0.006056629602371829,-1.138542439161914,-0.0013361352786187826,0.012030586738152662,-1.4758998994431898,-0.003117599804340538,0.01340985049931037,-0.2706946339586045,4709.518736253711,0.7617722195759364,-0.16630509258955828,73.82467826536836,2,21
2024-07-11 00:00:00+05:30,0.00039621567668888906,0.031594599157399615,0.012431423664731643,0.013997103782120584,False,BUY,BUY,False,79666.8277218227,78181.26959066995,82142.75794041062,78676.32611235607,79298.00026172242,78773.81207723758,74976.99997947075,-457.1466223088937,-211.3000194475925,-245.84660286130122,48.98196382780919,990.3720874351657,0.390866795241247,16.24763472861115,0.005693420095389058,0.0033157403658984202,-0.04692457549052074,-0.0016901138721951725,0.011825043976010504,-1.4755654686256146,-0.0017779631214926643,0.012540614132023046,-0.417910782622421,4161.755683186275,0.6889678297934564,-0.40668502301615733,72.32329874609003,3,20
2024-07-12 00:00:00+05:30,0.0004285568915015586,0.036644884578975426,0.012138106484232036,0.013997103782120584,False,BUY,BUY,False,79011.80272933825,77573.22221677848,81409.43691693785,78874.4264342494,79331.53003082245,78808.83229859386,75023.66493213098,-361.01433363437536,-241.24288228494908,-119.77145134942629,51.61155211422641,959.053675039843,0.4657678026209305,15.197556933909274,0.0058630312617011775,0.0033385876069009835,-0.29295060090525377,-0.0013855616132659883,0.012011748584454513,-1.4692138452399326,-0.00242247871659016,0.011694862637046975,-0.6599883715751952,4916.576714642637,1.1840140012935632,-0.03651806316353023,72.59431666074394,4,19
2024-07-15 00:00:00+05:30,0.00040443565853769375,0.034414851791009865,0.012240675793893735,0.013997103782120584,False,BUY,BUY,False,78857.4557543668,77409.55292963602,81270.62712891812,78901.90169326717,79302.4639125057,78816.79192332893,75063.34789528728,-333.83559594071994,-259.76142501610326,-74.07417092461668,48.24454200729097,965.268549820524,0.4100664574511831,14.537501828671518,0.0024871343397521893,0.0066957005845091,-1.1843339703471631,-0.0005358567185443326,0.011067276572251821,-1.8282981211088252,-0.00257065750864417,0.0117517768489517,-0.6147145001792824,4529.957347066287,0.7768862062800131,-0.17188149275556502,71.65410251457908,0,16
2024-07-16 00:00:00+05:30,0.0004311984838309709,0.036809820862363396,0.01180555994267824,0.013997103782120584,False,BUY,BUY,False,79059.69904532321,77659.68302112872,81393.05908564737,78893.0125054871,79262.00862540216,78818.38658336963,75101.10021229305,-321.04989807656966,-272.01911962819656,-49.0307784483731,47.45887258316112,933.3440161296649,0.4114562090340345,13.924593516665029,0.0017242796381532672,0.006995732973818185,-0.5968658837319502,0.002020734660158493,0.005876518671015883,-0.5112223026152282,-0.0027431579325084957,0.011714223914407976,-0.5739915943869032,6204.32868628281,1.5703863143044343,0.6404196665171179,73.5012281750488,1,15
2024-07-17 00:00:00+05:30,0.000453927227565886,0.0414526879362702,0.011350511750819739,0.013899170807277955,False,BUY,BUY,False,79857.96433167851,78498.32118786362,82124.03623803666,78926.34981345432,79243.61684539498,78827.84981717174,75140.48925540778,-291.2405571884592,-275.86340714024914,-15.37715004821007,48.63915120580513,906.4287625432605,0.4674034072944769,13.151367900724656,0.00037223981089030603,0.005692160309502217,-0.881822565716289,0.0021916451390991344,0.005863599217021961,-0.622739327214333,-0.0034108152843342855,0.01095048958619423,-0.7817652299564436,6183.762235880902,1.241277076477935,0.7066836195481473,72.8543317866462,2,14
2024-07-18 00:00:00+05:30,0.0005231750310555523,0.048917274699904326,0.011460469425342689,0.013899170807277955,False,BUY,BUY,False,79497.42590981182,78130.80918126255,81775.12045739393,79112.67271709917,79299.4666168753,78868.24646479945,75187.42930591795,-200.88739767012885,-260.8682052462251,59.980807576096254,53.115954721757184,911.0778190328441,0.6506403435736028,12.497419371574868,0.0017914248880532765,0.007184598675960057,-0.4442834386769695,0.0037424224917211686,0.005661902759573567,-1.0335218942804678,-0.00195714529704723,0.010695097677969691,-0.9965777526605782,6944.129069965784,1.4285472392107617,1.1087573078397859,73.79066362854819,3,13
2024-07-19 00:00:00+05:30,0.000507760972352653,0.049377414989161775,0.011113503980869889,0.013899170807277955,False,BUY,BUY,False,80012.16175528867,78678.33853801056,82235.20045075219,79189.6233556417,79317.46291623315,78892.92016852544,75230.31484426516,-156.56946990388678,-240.00845817775743,83.43898827387065,50.95563966574025,889.2154781854061,0.6170267221355635,11.656098969987797,-0.0004257284462072455,0.007054163404876091,0.7389137313751031,0.0027186514077469676,0.006168925720146061,-0.5092056747232815,-0.001442405309647149,0.010283263562179295,-1.1746379605326283,7676.529165510205,1.6108929248139592,1.4288076106730956,75.42980577029213,4,12
2024-07-22 00:00:00+05:30,0.00048782078054886304,0.05111867275253503,0.011051046046539888,0.013899170807277955,False,BUY,BUY,False,79773.2783808092,78450.91112180456,81977.22381248363,79354.1310355711,79380.61735614728,78936.81199545733,75277.895410544,-79.00163033496938,-207.80709260919983,128.80546227423045,53.842038020907395,881.5781726697676,0.7402010092799555,11.278613583170285,0.002516280423184874,0.005953668867782471,0.09776211186430275,0.0025017073814685327,0.0059732407075579015,-0.5248479057849191,-0.00016893707722725882,0.00954290779243034,-1.5190863074542105,6230.680495195382,0.4886834315383344,0.7855113589015883,73.59807989961477,0,9
2024-07-23 00:00:00+05:30,0.00047028558425057373,0.05043048754849876,0.01056038095413393,0.013899170807277955,False,BUY,BUY,False,79676.76790230499,78414.6423689413,81780.31045791111,79437.96050461874,79416.31381293474,78969.61459880447,75322.62558935262,-36.385026581803686,-173.52267940372062,137.13765282191693,52.303582907928586,841.4170222424511,0.6812654662793028,10.719420714069235,0.0023093451763356553,0.006162275815881341,0.11808870073744311,0.0020168124072444628,0.00622282042608562,-0.26664263555124157,0.00014803942733913764,0.009325422122843891,-1.6874006394729375,4205.650267593126,-1.1135858113267185,-0.19547955773766412,71.57633426216839,1,8
2024-07-24 00:00:00+05:30,0.00043557010305843736,0.04711987860879392,0.009898586141076042,0.01379699360564877,False,BUY,BUY,False,80489.9484444291,79294.84341217717,82481.79016484898,79485.72198415599,79439.99145742293,78997.34610090253,75365.95038848648,-10.280146979712299,-140.87417291891896,130.59402593920666,51.66133574119139,796.736688167951,0.6643497633980547,10.110654967338448,0.0015549595557951428,0.006351676271517513,0.6342383407223329,0.0009635996833427257,0.005720091168430364,0.04163272877158709,-0.00018626779763802773,0.009243871502189046,-1.6232296706084304,3354.4354317628313,-1.4904038951594705,-0.5676813851799124,71.18248016959681,2,7
2024-07-25 00:00:00+05:30,0.0005230574805091443,0.05553908286294536,0.010235038484984015,0.0137344530124814,False,BUY,BUY,False,78603.44775221267,77396.68378301818,80614.72103420348,79686.56727621061,79535.44209260531,79055.87952613887,75416.9354437695,75.15864976664307,-97.66760838180656,172.82625814844963,56.5073412865281,804.509312796327,0.8524578900828325,10.21380398268397,0.001576540347226888,0.006387820281352037,0.644428943661593,0.0016839826176400837,0.006410115814004499,0.011407747453244249,-3.0656272775435483e-06,0.009417827114644676,-1.5432124267705314,4091.0786454079207,-0.9541266494660743,-0.1159461473856961,71.47881263614836,3,6
2024-07-26 00:00:00+05:30,0.0003491026522414593,0.03245687770087899,0.011888243656751021,0.013700992989085286,False,BUY,BUY,False,77405.51143777897,76025.18806725736,79706.05038864833,79469.94337141103,79450.7153343878,79038.13710363196,75448.64203390326,-9.248714552100864,-79.98382961586543,70.73511506376457,45.1891275285956,920.2155803477445,0.4366895372049942,10.49546512160731,-0.002261815927610084,0.013153651641290398,-1.336343212025437,-0.0013437721869086635,0.009997483763821504,-1.1167381490782269,-0.001364666900087325,0.01075589141564301,-1.2403559707132317,3159.946727679766,-1.329453514237859,-0.5819792791817109,73.07381434618038,4,5
2024-07-29 00:00:00+05:30,0.00030900112418214584,0.029000951788973453,0.012619175636486487,0.013682246227582325,False,BUY,BUY,False,76056.13941487414,74616.49074261004,78455.55386864764,79057.05698468462,79264.78770742337,78974.11256771615,75468.11337125527,-170.8363132233062,-98.15432633735358,-72.68198688595263,39.74512487031816,959.7657815093993,0.17502295412441127,11.334776412131914,-0.006624131958762098,0.013157304893028852,-0.1335128494367445,-0.0020539257677886107,0.010765744162860162,-0.916130350740613,-0.001294891243166471,0.01065486148284389,-1.2540898560457407,2145.77913450067,-1.5483964085772226,-1.0981181358054153,72.5843812347867,0,2
2024-07-30 00:00:00+05:30,0.00022996763131756106,0.02410266880484645,0.013546012311482126,0.013621043522722323,False,HOLD,HOLD,False,73970.64568128723,,,78456.87347072252,78973.09240810071,78859.68224799685,75473.96437666441,-403.13164377324574,-159.14978982453204,-243.9818539487137,34.67739464572681,1002.007277086999,-0.07189940756585311,12.788669906358766,-0.009543369376910374,0.013755092407929232,0.7456256201612067,-0.0036170121002873576,0.011831793079235013,-0.5057430600867177,-0.0007981387200644317,0.009541168788384142,-0.996776495986195,341.55080552479194,-1.7709365307197569,-2.0036081446046845,72.62035482126001,1,1
2024-07-31 00:00:00+05:30,0.00018064158470266727,0.016022220626775087,0.014738979446764944,0.013558123238986811,True,HOLD,HOLD,False,73385.7004567167,,,77559.62791283548,78518.32452384493,78667.95532381216,75459.00598168554,-746.8994895469514,-276.6997297690159,-470.19975977793547,28.60645938656309,1081.6303307179962,-0.24662759157461514,14.939768061039059,-0.014861942891057389,0.014827063129182725,1.632778608298513,-0.00665349166763112,0.013802290811686935,-0.23861897736985951,-0.002230923264265993,0.011274441222010958,-0.9819318575593011,-1610.654845520432,-1.818400084573695,-2.434690717097497,73.22227326905197,2,0
2024-08-01 00:00:00+05:30,0.00011104853257415615,0.009805343639294018,0.014332816666910218,0.013558123238986811,True,HOLD,HOLD,False,74063.46722621226,,,76724.84242161173,78051.72233592418,78460.80807412213,75438.37607596446,-1054.383893870472,-432.23656258930714,-622.147331281165,27.169697063752167,1061.5380974690138,-0.16437792097213283,17.207609590617967,-0.01848064252174832,0.0076812364302235505,0.22866369646019766,-0.008452051087260715,0.012494216554399914,-0.10952486634515494,-0.0023548142977697717,0.011325307573019604,-0.9384255300272212,-2192.2943083717546,-1.5559892348210158,-2.253581288382787,73.58437507367763,3,29
2024-08-02 00:00:00+05:30,0.00012640945346793854,0.011009871306878556,0.014258343454280831,0.013621043522722323,True,HOLD,HOLD,False,73825.47118980998,,,76192.56738253184,77689.15368958673,78288.36333498842,75424.69539089232,-1229.2078427810193,-591.6308186276497,-637.5770241533696,31.464899445328555,1052.6289238984252,0.00502037712851446,18.808054394245538,-0.011898634433301266,0.01376427615146388,0.8303163215211233,-0.007080225180455674,0.013670999618721695,-0.16595195977629656,-0.0021807868863543524,0.01148146512747725,-0.9119662778321981,-2174.347957488513,-1.31369432576179,-1.9477101127120986,72.80898301165463,4,28
2024-08-05 00:00:00+05:30,0.00016684305669835227,0.014900982438390553,0.013536951045347046,0.013687807349113573,False,HOLD,HOLD,False,74015.70052140713,,,75719.14814398746,77337.90982597065,78113.34795674612,75408.78271227458,-1371.155545340982,-747.5357639703161,-623.6197813706658,30.778474988267817,1001.9469145453561,0.046793023336283796,20.30553990854907,-0.009470835026745308,0.014068841335000382,0.008063064550325174,-0.008047483492753704,0.012929067896811737,-0.07068081704076597,-0.002772888055642584,0.011196782318761856,-0.8594555067272909,-1433.1940506138199,-0.902705702807256,-1.521300085183572,73.32398448427942,0,25
2024-08-06 00:00:00+05:30,0.0001404430771077708,0.012524501081185512,0.012830107749789172,0.013687807349113573,False,HOLD,HOLD,False,75004.48427199149,,,75378.4586194714,77035.89079828306,77952.65590045833,75394.92119793758,-1451.5674391811626,-888.3420990124854,-563.2253401686772,32.05438566430321,962.315614927018,0.11646628895193359,21.740169431676133,-0.005438900840588898,0.014050366699668563,-1.133199137065478,-0.007491135108749635,0.013285657015901044,-0.15898040547114067,-0.0027371613507525855,0.011213466803779229,-0.8640283887840992,-2441.254993059876,-1.0554180422706614,-1.6089313612989788,72.18673985692827,1,24
2024-08-07 00:00:00+05:30,0.00018657747819251488,0.0162682061198771,0.012971266281700929,0.013687807349113573,False,HOLD,HOLD,False,76224.28499544993,,,75303.66374997543,76851.21747771109,77837.04132679295,75391.03625340082,-1419.1487954004406,-994.5034382900765,-424.6453571103641,38.409208079343784,988.7254978082417,0.24349954770677404,21.925054933029937,0.002775913503782862,0.008690682356004729,-0.016182833595093482,-0.006043014693637262,0.014754336420604872,-0.10916464933758598,-0.0025397075051472673,0.011468841543908615,-0.7739399049965805,-1964.6108557128318,-0.7105807917678564,-1.3104871152184896,71.08650071722961,2,23
2024-08-08 00:00:00+05:30,0.00024893017686751615,0.02047299264579641,0.01334583009117038,0.013687807349113573,False,HOLD,HOLD,False,76176.2989486482,,,75487.78799907034,76794.22361568736,77773.79598046577,75399.32728566001,-1280.2708966023201,-1051.6569299525252,-228.61396664979497,45.216355536762386,1016.6359427428597,0.37958048565277897,21.23359425152473,0.007590202534149515,0.007902550527611248,-0.48829833546740514,-0.005445219993799401,0.01558143195735571,0.0077047158277581025,-0.0018806186880796576,0.012158954051039892,-0.6239751778053759,-426.5505191121483,0.11894380614738369,-0.7949749867343532,71.01271571622739,3,22
2024-08-09 00:00:00+05:30,0.00023694226377739977,0.01974271697965676,0.012551356553382098,0.013687807349113573,False,HOLD,HOLD,False,77439.23028471094,,,75625.49018898592,76738.04864595653,77711.14903804155,75407.05834698328,-1160.7013910597452,-1073.4658221739692,-87.23556888577605,45.00562525881281,971.967390522872,0.39046939219595206,20.62695806615875,0.005625597210502642,0.008595061696428085,0.42106181200658965,-0.003136518611399311,0.014224658835670218,-0.30470687313927564,-0.0022401453991539866,0.012001502327240432,-0.5692525113570133,174.31921239374788,0.76436482294314,-0.5613133014302166,72.18660767221749,4,21
2024-08-12 00:00:00+05:30,0.0003135827025302853,0.024876730048189986,0.013006268704777876,0.013687807349113573,False,HOLD,HOLD,False,77540.38682550675,,,75988.23820813093,76801.79243129784,77700.48555751878,75427.27896327907,-953.0475534580328,-1049.382168430782,96.33461497274925,51.422401238630464,1008.5111065249592,0.5279063159507071,19.189778466443073,0.009557938656070714,0.008015348611396595,-0.5958244324001831,4.3551814662703274e-05,0.014734494709754726,-0.692322902370834,-0.0010051869765629533,0.012605463094338694,-0.6221887791381292,-1011.7328470191715,0.2603198793204151,-0.8147406918323947,69.87659111557711,0,18
2024-08-13 00:00:00+05:30,0.00031818049972331155,0.025225170499144762,0.012347893965523682,0.013687807349113573,False,BUY,BUY,False,76780.4565381028,75358.3411341673,79150.64887799528,76298.66793160609,76868.93737622592,77694.20717587124,75448.30491215696,-771.4253919292823,-993.7908131304821,222.36542120119975,51.90644475309904,948.0769359569929,0.5457539190295776,17.855254552421375,0.009304336208941165,0.008306359354684427,-0.5435496477273677,0.0019327176841761346,0.013370952086286088,-1.1417325891363672,-0.000842147208055611,0.01261361146138137,-0.6636874866913954,-2209.9043196348794,-0.7866731194928386,-1.0467808203586788,68.33625659186757,1,17
2024-08-14 00:00:00+05:30,0.00026942959705731625,0.021145059346502296,0.012358442824928225,0.013687807349113573,False,HOLD,HOLD,False,76249.997859506,,,76395.02565290543,76860.89366366927,77658.37381752739,75461.56015221613,-680.958873579395,-931.2244252202647,250.26555164086972,48.034195116388815,942.3312389476044,0.4776468667564249,17.140397045953062,0.004680446713562152,0.011403847776103239,-0.035392295243134676,0.0037281801086725083,0.00961116788210411,0.07376669407782525,-0.0014626557794793055,0.012741964571590757,-0.5031380134210554,-296.00954626208113,1.1623572551344385,-0.4272596598568723,70.43911912069791,2,16
2024-08-15 00:00:00+05:30,0.0002478642254614665,0.019832159330413972,0.012201431912273568,0.013687807349113573,False,HOLD,HOLD,False,74922.25096344778,,,76366.02009422555,76805.3576814726,77603.14338780107,75469.40530353245,-644.6361241781851,-873.9067650118488,229.27064083366372,45.48350067454088,914.1587438447807,0.4378905462567,16.77881298721576,6.745495389351135e-05,0.010216603047275402,1.2013915923180079,0.003828828744021514,0.009479782337859882,0.0984576051771883,-0.0023116111716195995,0.012498095710705074,-0.3569479813526942,-913.241948185605,0.38984885363092914,-0.538055479229896,71.44132025312157,3,15
2024-08-16 00:00:00+05:30,0.00014486059286255144,0.011184732298267549,0.012798647445295127,0.013687807349113573,False,HOLD,HOLD,False,74142.82914861864,,,76077.26626807,76634.16616165215,77498.01035155193,75463.96098174056,-714.7489803251519,-842.0752080745094,127.32622774935749,39.78826914694815,948.9279308699209,0.31147464188485263,17.287685530142326,-0.0033198909745417284,0.012948112035808422,0.8831072396972238,0.0011528531179804582,0.011383073011181168,0.019699667465040354,-0.0029636860312376072,0.012951637017274836,-0.24803790064035064,-1131.602620684629,0.039399157640762586,-0.5457982346215591,71.58703542030901,4,14
2024-08-19 00:00:00+05:30,9.176489290026425e-05,0.007137835215245658,0.012696255987568355,0.013687807349113573,False,HOLD,HOLD,False,73839.74835977051,,,75690.37884417974,76407.6809786491,77366.43461810357,75450.81539136123,-823.7115168902092,-838.4024698376494,14.690952947440223,36.8697058340284,937.4883472332771,0.24612393578564545,18.13903921980524,-0.00870002937495112,0.0068237546827084996,0.39758366866298883,0.00042895464055979753,0.011909945689224766,0.12363618080545927,-0.0038092644260969513,0.012856123759240643,-0.06860376605470414,-974.6445252275444,0.16972543797780545,-0.40973626804947594,72.94952919168297,0,11
2024-08-20 00:00:00+05:30,7.520931397115324e-05,0.005850682504670409,0.011985277802465458,0.013687807349113573,False,HOLD,HOLD,False,74570.13726826869,,,75320.2527472979,76174.23255875104,77228.13319620816,75434.78487363397,-923.8713846268802,-855.4962527954956,-68.37513183138458,35.77091591132596,893.7438109281829,0.23324384301294326,19.0916625151939,-0.009780347735137395,0.005037499058040107,-0.8656706684022872,-0.0002380057630981144,0.011963142067148764,0.3229854761228047,-0.0038645704359238733,0.012854793250379951,-0.0542995468641078,-449.97260931394703,0.6399925365692108,-0.07672897453803194,74.05078401025274,1,10
2024-08-21 00:00:00+05:30,0.00017872066289225882,0.013531575171303262,0.011585053600388752,0.013687807349113573,False,HOLD,HOLD,False,76141.19425910134,,,75170.22965149206,76028.40571416172,77123.89806177917,75426.18141487411,-933.5511243736837,-871.1072271111332,-62.443897262550536,40.38199802490339,882.0998166893013,0.3424802073431681,19.34099114311721,-0.005842002651695058,0.010112140201553576,0.8674815236315188,-0.000580777969066452,0.011575920149827536,0.3385807458907396,-0.003311896331351856,0.01320767616701979,-0.12473242347897628,252.88058965506207,1.3227750828713294,0.3944815550432777,74.64672276449069,2,9
2024-08-22 00:00:00+05:30,0.0002648890393045006,0.018953453562573146,0.012553221578733611,0.013687807349113573,False,HOLD,HOLD,False,74903.69662455354,,,75364.42257301392,76038.65921824714,77085.3606577526,75433.29597053808,-805.1697232043371,-857.919726329774,52.75000312543693,48.88281238552394,940.2827007942615,0.6038799526149403,18.197940853093684,-0.0002855903084160921,0.015539381908717708,0.4676317489260333,-0.00010906767726128856,0.012399449244558403,0.5096721930816815,-0.002777143835530344,0.01397576639159681,0.016959535662412793,1813.1027800916927,2.129227125749908,1.5449074477383056,74.64718716606414,3,8
2024-08-23 00:00:00+05:30,9.334864924972266e-05,0.006922294260501589,0.012906224712569862,0.013687807349113573,False,HOLD,HOLD,False,75272.66974319861,,,75272.27738332184,75935.48080063863,76999.80520547027,75428.0263253044,-794.1280410190229,-845.1613892676238,51.03334824860087,43.6082233269821,971.4859904207796,0.41909776470744314,17.753470872409483,-4.95357160432773e-05,0.015216863150651159,0.5371234248151815,-0.001684713345292501,0.01343115853587363,0.5959787701187588,-0.0024106159783459057,0.013485218301447737,0.08709492768497246,1701.4805397107411,1.5957137312745118,1.695203214613219,74.71065669813511,4,7
2024-08-26 00:00:00+05:30,0.00010342477052148417,0.007823298260204068,0.012737234724013547,0.013687807349113573,False,HOLD,HOLD,False,74353.48719617192,,,75272.3558552972,75875.22524996227,76932.07440302824,75426.48048866654,-746.9935051583307,-825.5278124457652,78.53430728743456,45.49661028027854,947.0578189665777,0.5093751266862315,17.15676482412318,0.003024752153306564,0.014100211152659527,-0.25089048590861285,-0.0028376386108222764,0.012134407391980294,0.7249438176584438,-0.0013970433980797863,0.013220098107161566,-0.0987752073830335,3155.101524517624,1.8605947844461432,2.4937899169702153,75.71925523792264,0,4
2024-08-27 00:00:00+05:30,-3.087618600763973e-05,0.002388241708620207,0.01289282310178632,0.013687807349113573,False,HOLD,HOLD,False,74793.19810872065,,,75088.58212347215,75736.88542689041,76830.9533360927,75415.80393849246,-774.8770947151061,-815.3976688996333,40.52057418452728,41.74615952067112,964.2954724325945,0.340777840204851,17.265193015422135,0.001386678393266763,0.01553685584464454,-0.01659782645116818,-0.004196834670935315,0.01237756629538221,1.0296872020717898,-0.0011320584933795896,0.012928417545089384,-0.09406234251481163,4241.330497616902,1.8548944190967485,2.5151223710150763,76.75057162479719,1,3
2024-08-28 00:00:00+05:30,0.00013640611121112136,0.0119952404452684,0.012541070909853753,0.013687807349113573,False,HOLD,HOLD,False,74690.57596458387,,,75029.50532052186,75651.09567069316,76751.04136639183,75409.60885560917,-752.8160496948403,-802.8813450586748,50.06529536383448,44.119263178162136,936.6998094696646,0.4196509973483521,17.142211083853045,0.0005973648237521821,0.015093785604044074,0.18150738320486923,-0.002622318913971436,0.012578529356612743,0.593345999647748,0.0005529305973505365,0.011371686281197276,0.13237541120277194,4785.768831852285,1.585924926090923,2.260255368132512,77.39512686989855,2,2
2024-08-29 00:00:00+05:30,0.00013353876607952268,0.011915441476673762,0.012207809072619143,0.013687807349113573,False,HOLD,HOLD,False,73082.07131287704,,,74961.71944933425,75563.77569741049,76670.23880161505,75402.45429947956,-735.1390367503336,-789.3328833970066,54.19384664667302,43.67211150468193,892.1719732191395,0.3784351266047644,17.02801357596746,-0.0038471020265133785,0.010077996089055151,-0.39078803984168153,-0.0020663461674647336,0.012489393257210686,0.44493352232806777,0.0008812412882783909,0.011207202548134248,0.06575788026781021,4202.733253561048,1.077998810757333,1.728330668349197,77.53733936119954,3,1
2024-08-30 00:00:00+05:30,3.3047838742902874e-06,0.00027308706845312455,0.012867446299442965,0.013687807349113573,False,HOLD,HOLD,False,73915.51107941449,,,74585.78982204282,75338.16620790744,76529.5263510763,75379.36591155316,-841.225633733382,-799.7114334642818,-41.51420026910023,37.29225168381876,951.1038695102474,0.06415337065541393,17.822844226639962,-0.004924033848391858,0.011879574050116123,-0.7248949067167969,-0.0024867847822175665,0.01312381484654276,0.26238451131807305,-0.0006669658321185536,0.012101575856410623,0.07864304292120775,1806.17664206872,-0.12191656649054773,0.607826790481339,76.39034049292921,4,0
2024-09-02 00:00:00+05:30,7.530871047320279e-05,0.006085664093902418,0.012968881164917113,0.013687807349113573,False,HOLD,HOLD,False,73395.50105592843,,,74451.73407351716,75208.833923499,76427.01594826604,75364.80019183039,-848.270072970874,-809.4231613656002,-38.84691160527382,42.01866540561429,951.8575312338843,0.23378395758799686,17.81692901053964,-0.0036388837110912266,0.013453263734793726,-0.4053540348131027,-0.0003070657788923301,0.013458723507257382,-0.19051757846450648,6.094443083373424e-05,0.012374772795734647,-0.06883695254545162,1690.7458982000826,-0.36153367402792475,0.4930107941737005,75.21137978115425,0,28
2024-09-03 00:00:00+05:30,5.451391036786358e-05,0.004375453975198771,0.012712027494552114,0.013687807349113573,False,HOLD,HOLD,False,72941.36342205782,,,74240.48746999941,75043.98548099257,76308.13301131163,75345.20517555276,-885.604606178953,-824.6594503282709,-60.94515585068211,39.99322648795343,927.2326173113169,0.14369635198819306,18.044462187938173,-0.002593586803407806,0.012800589998020893,-0.7594951305130445,-0.0006034542050705204,0.013583495921024645,-0.11752803816488352,-0.00042072998408431686,0.01245902954913086,0.050088299462773184,1020.4952138897206,-0.9456257435148318,0.11806592159124055,75.8684770038723,1,27
2024-09-04 00:00:00+05:30,1.8721362750004045e-05,0.0015487277792343554,0.012610470388568244,0.013687807349113573,False,HOLD,HOLD,False,72025.40121434483,,,73980.6626604111,74852.83802108942,76176.1028313409,75321.2863521349,-940.990452207101,-847.925650704037,-93.06480150306402,38.25875108141717,908.2741892382428,0.10250862620860639,18.55279829362334,-0.005014213777266997,0.011906918973394126,-0.0723673697257747,-0.0022084244767574058,0.013153423167406635,0.2503462438478778,-0.0013946012229119284,0.012088220409696097,0.23261585570621485,1040.9661801793554,-1.0603102434868679,0.05892354557667736,75.32396888665433,2,26
2024-09-05 00:00:00+05:30,5.116748369949773e-05,0.0044130998843484245,0.012933628568078188,0.013687807349113573,False,HOLD,HOLD,False,71476.4081370353,,,73589.61037119785,74595.79831138537,76013.33021890969,75288.49147514199,-1046.7285937024717,-887.686239303724,-159.04235439874765,34.965005498094555,924.4493142247759,0.016066104967304214,19.530702186594276,-0.007267014859696883,0.01210962732396183,0.759531420702124,-0.00555705844310513,0.01065664021397744,0.15517078166961137,-0.0028330630601832085,0.01159445402107693,0.4240827454234687,-2155.3976466892927,-2.091540156708478,-1.4324295467406538,73.05380715151416,3,25
2024-09-06 00:00:00+05:30,5.5615050035737735e-05,0.004781836808579235,0.012671193249232349,0.013687807349113573,False,HOLD,HOLD,False,71858.73120720073,,,73166.96992436534,74312.21738644445,75835.411705895,75250.5602976484,-1161.43765552892,-942.4365225487634,-219.00113298015663,33.12431743636644,910.5358697710839,0.009418155197896131,20.684428247782645,-0.004443127013829664,0.009171791887256382,1.7955474971360232,-0.00468358043111076,0.010008676028549544,0.03375672472977196,-0.0031841468882016304,0.011630478467177534,0.5162523976066122,-2141.7003305437975,-1.5823483280920994,-1.3075732079004614,74.19575327514957,4,24
2024-09-09 00:00:00+05:30,5.971494830466242e-05,0.005485885158061654,0.0126681685183104,0.013687807349113573,False,HOLD,HOLD,False,71710.06718395936,,,72905.32218093243,74089.17318833138,75679.46345104426,75216.81075445986,-1207.5749644050666,-995.464210920024,-212.11075348504255,35.66439120736368,908.4352155457576,0.10538897568790602,21.008659929063008,-0.005644114734934709,0.0066292078606446595,1.3876821732618443,-0.004641499223012968,0.010054292541318184,0.03420130491513803,-0.0037395689169176212,0.010885198392625795,0.48516168250506136,-399.5158457313082,-0.7229163781071468,-0.5310538036046615,76.30962562440125,0,21
2024-09-10 00:00:00+05:30,1.9501347669262447e-05,0.0018008657310228584,0.011957955207609722,0.013687807349113573,False,HOLD,HOLD,False,72007.84388452605,,,72666.27118153783,73872.89082429756,75523.80085233504,75181.91778360911,-1241.8201288896234,-1044.735394513944,-197.08473437567955,35.10602412231559,861.0665717677163,0.1079073175301414,21.309732204537628,-0.004646299089566351,0.006737391929089944,0.640649810642926,-0.0036199429464870785,0.009704090125868245,-0.2878531436365273,-0.003908388808711196,0.010828873765167403,0.5390425906763451,-430.9662202781474,-0.585298179453526,-0.6129928154509121,77.3573007775643,1,20
2024-09-11 00:00:00+05:30,7.873541004222287e-06,0.0007238845521873425,0.01196203474199166,0.013687807349113573,False,HOLD,HOLD,False,72335.73025917154,,,72534.58572213548,73703.34110250014,75385.92018693077,75150.33495874262,-1230.7443229119235,-1081.93718019354,-148.8071427183836,37.22601602259867,865.2825184475474,0.18159494021110648,20.93842825462819,-0.002576164332213676,0.007664451381551143,-0.32429246079112123,-0.0037951890547403356,0.00952735447958987,-0.29843271591290205,-0.0032087539843558854,0.010876791030325237,0.35048114907449746,-562.7224774735514,-0.4978895944107255,-0.6673238530294876,78.01012120403443,2,19
2024-09-12 00:00:00+05:30,5.714749977595638e-05,0.005208354067779653,0.01153946128371161,0.013687807349113573,False,HOLD,HOLD,False,73505.92978112603,,,72494.8146295427,73579.01284401571,75266.3048956461,75122.32894183147,-1181.8849427820387,-1101.9267327112398,-79.95821007079894,39.56711868764599,848.2188308325282,0.2600236047402113,20.593646015426568,0.0008598700209115674,0.005599268555964686,-1.1078653562537826,-0.0032035724193926578,0.009871930880615718,-0.4116506323867538,-0.002634959293428695,0.010972276276201523,0.18983535721868838,-1689.860405730651,-0.9949953112023244,-1.166750746473737,76.69103069147445,3,18
2024-09-13 00:00:00+05:30,6.079930698296713e-05,0.005458747649718887,0.012024286177605068,0.013687807349113573,False,HOLD,HOLD,False,73218.83104775747,,,72697.03765985937,73572.36892920756,75197.27057742962,75106.2453680931,-1036.7867777633219,-1088.8987417216563,52.1119639583344,47.14347825496049,880.404178107951,0.4919078240850557,19.241222162041907,0.005599728226340588,0.006544265340753152,1.0182508299752395,0.0005783006062554628,0.009189027602592355,0.27235109748213965,-0.0009542420879810516,0.01113795890273443,0.09137036071540247,-215.8340456560545,0.1252284800423387,-0.5024665993788657,78.0488447395263,4,17
2024-09-16 00:00:00+05:30,2.747504362099891e-05,0.002511793133563307,0.011756419148685611,0.013572599812703581,False,HOLD,HOLD,False,71947.04627110469,,,72801.396337439,73540.229121803,75119.68471352091,75087.46512609972,-934.193108370484,-1057.957615051422,123.76450668093798,45.63196321138699,845.8396324729848,0.44545441366621247,17.98557892703436,0.003750103511686442,0.007820392486674712,1.0568089683036987,-0.0009470056116241326,0.008439642456776104,0.7286016735145912,-0.0006270356952582309,0.010938418157876707,0.03391179797544869,804.942142775195,1.0499210249603743,-0.05791949427496518,79.42821964606392,0,14
2024-09-17 00:00:00+05:30,-7.007796297222656e-05,0.006063668129789777,0.012024790613777528,0.013538763298574062,False,HOLD,HOLD,False,72888.95065496108,,,72630.52632417214,73395.39431719406,74995.26751970066,75056.2171772938,-944.6202942102827,-1035.2901508831942,90.66985667291146,39.5783391524782,876.4743696838693,0.2271071748895587,17.783960358861215,0.0006598470382833121,0.01240478007901734,-0.515553620587353,-0.0019932260256415187,0.009817626110923844,0.2292950669880495,-0.001298340115356019,0.01155702480284918,0.041476256117194986,-1056.8891048455116,-0.34009401789926724,-0.940906420067662,79.38359454720278,1,13
2024-09-18 00:00:00+05:30,-1.9338439697379618e-05,0.001647537307101916,0.012326634767274035,0.013534350094479102,False,HOLD,HOLD,False,72614.10516312985,,,72682.21119032992,73349.35398426378,74912.66685833833,75034.65233627557,-866.8871665211773,-1001.6095540107908,134.72238748961354,45.35978632580563,895.0875532983295,0.4174181826464629,16.758859204795844,0.002432400617007338,0.013602482328856915,-0.7425730810401262,-7.18818576031682e-05,0.010738299415718163,-0.11674902919319373,-0.0011401531671802866,0.01173778561129927,0.050509680559077744,159.2738391669409,0.9453351497765043,-0.3515632298034808,80.01431858215912,2,12
2024-09-19 00:00:00+05:30,4.28963397187305e-06,0.0004069772561367339,0.011629817525534604,0.013480051081199373,False,HOLD,HOLD,False,73606.56787720267,,,72668.58998488991,73282.51318234252,74822.52718401644,75010.5672897766,-818.0310838735604,-964.8938599833448,146.86277610978436,44.03570299020381,856.0309530927441,0.38430500665265294,16.06517417598821,0.0007681974812602277,0.013787444097560442,-0.14547438421314257,0.0008140337510858985,0.009920812590245664,-0.2089711133827033,-0.002371512346009615,0.01054023021481044,-0.07088370618639024,664.2165844520059,1.22004831117582,-0.08085136120774121,80.60075126647614,3,11
2024-09-20 00:00:00+05:30,9.37758401718952e-05,0.008869676664295322,0.011938619573882566,0.013369991850398041,False,HOLD,HOLD,False,73960.76532134945,,,72856.18556335247,73311.97270005707,74774.84250531785,74996.5971463679,-691.2604198917252,-910.1671719650209,218.9067520732957,49.74088402987686,882.9894405647974,0.620864951476441,15.291753863338263,0.0002736357913226288,0.013131058930691867,-0.2499045963405529,0.0029366820088316094,0.010175824408490236,-0.6346146304893551,-0.000873449211139575,0.010572633447776928,-0.20900278509462644,2698.6622429424897,2.241061968759365,0.8668636997106987,81.86315742986878,4,10
2024-09-23 00:00:00+05:30,0.00010451550136648586,0.009888501883504893,0.01153502711942123,0.013235357396621458,False,HOLD,HOLD,False,73859.23988719571,,,73077.10151495186,73370.9538474473,74742.9179098681,74986.29036203936,-555.8059962145489,-839.2949368149266,283.48894060037765,51.63583500325333,851.9683351186408,0.7395101033978226,14.726194927081863,0.002016422321090787,0.013014157491360711,-0.8998638456613325,0.0028832629163886157,0.01016323145023207,-0.6182337308664956,-0.0008791181533121754,0.010569396921573042,-0.20796025211607436,2602.3194041675597,1.594533190673169,0.8454286791016559,81.14347824110394,0,7
2024-09-24 00:00:00+05:30,7.325728998679149e-05,0.007164113077774896,0.011052366778217183,0.01311629902577713,False,HOLD,HOLD,False,74183.84610198294,,,73233.52918940064,73415.34348742441,74708.2638697633,74975.07592945386,-451.44565906417847,-761.7250812647769,310.27942220059845,51.04178486496035,819.9070761379326,0.7264694951883152,14.093312979020236,0.005246147627456058,0.007985139924132275,0.016481962001598804,0.002952997332869686,0.010127791776441705,-0.6446233063276094,-0.0003334728068086955,0.010225590968693155,-0.32651333623172074,4075.195120625038,1.8068725989336785,1.5720300133415828,83.0029886623377,1,6
2024-09-25 00:00:00+05:30,8.140323539434516e-05,0.007994323071145427,0.010598557994964763,0.013023702759117373,False,HOLD,HOLD,False,75956.33880642088,,,73423.5925719171,73485.20736147519,74687.69846710525,74967.2029958472,-338.6426694156107,-677.1085988949437,338.465929479333,52.907272603652736,805.0276619250443,0.8365100023034582,13.813298596113151,0.003521871988655105,0.006721224134115524,0.703263531654759,0.002977136302831222,0.010131232716185828,-0.6527347334739364,-0.0004090263759545561,0.010182630182680584,-0.31350266886113737,3087.35816866353,1.0320264492727491,1.2161855822906318,81.12917710661108,2,5
2024-09-26 00:00:00+05:30,0.0001326096955752329,0.011526317488683024,0.011303363098194295,0.012978266766316318,False,HOLD,HOLD,False,77888.82155719743,,,73930.14181881786,73709.85567465206,74737.44906864704,74977.04514321609,-105.00965358859685,-562.6888098336743,457.6791562450775,61.527675415977725,880.4056313514658,1.1925712746954387,14.625740241931556,0.008999899372335893,0.009759523908705206,0.8638322816604876,0.0048840484267980615,0.01206818580092402,-0.290187348299715,0.0008402380037027026,0.011504949061609149,-0.04848805217101605,4898.683782576278,1.583892477347798,2.0679061870665714,82.4571149118875,3,4
2024-09-27 00:00:00+05:30,0.0002117102562822605,0.0185181067082082,0.012410664345681242,0.012969358188273876,False,HOLD,HOLD,False,77969.28018958679,,,74721.87776649378,74089.76166397436,74861.03230349216,75006.0180428577,233.39101589437632,-403.47284468806424,636.8638605824406,68.33361458237783,967.6505657073355,1.271490106336308,16.380883792739926,0.011309637204872689,0.012179546971725368,0.42667460704261884,0.00579163649809766,0.013281347029703666,-0.06536289568332951,0.003184968552176562,0.011432608074799533,0.26967416427418883,7060.895954021791,1.8655605697729631,2.476059950531619,82.29073039861295,4,3
2024-09-30 00:00:00+05:30,0.00022813961919028607,0.020230669835169808,0.011725345353016814,0.012940679087445972,False,HOLD,HOLD,False,78134.93324747398,,,75371.35825111238,74442.44516630276,74982.92437745666,75035.50323834755,502.27837131073466,-222.32260148830449,724.6009727990391,68.58281490999637,916.1590764615479,1.1205193692462374,18.010659947061985,0.010556030230072259,0.012784534374309701,0.5026270770168964,0.0062862262755815235,0.012968177785166754,-0.161961600112206,0.002669610331978696,0.011276918710505521,0.4109245365665846,6331.156461486142,1.2437031780145926,1.8705370531444396,80.73466953451155,0,0
2024-10-01 00:00:00+05:30,0.00021623043306171136,0.019578162041581797,0.011150709016405884,0.012911705483671527,False,HOLD,HOLD,False,79166.40892666935,,,75924.07325038471,74778.12590095469,75106.53256843773,75066.34333794085,720.4356216671295,-33.7709568572177,754.2065785243472,69.12160101181182,882.7615898150872,1.032754163323855,19.707000269905222,0.011255225487014155,0.012043079915903388,0.5725075734948846,0.008250686557235109,0.01014048802069541,0.7126478668471682,0.0031287302657967953,0.011044470497407389,0.3387437926796514,7539.2702203263325,1.4237780680089958,1.9525264175811436,81.14826102326653,1,30
2024-10-02 00:00:00+05:30,0.0003077838796197927,0.02790440850910248,0.011637874843366532,0.012895503423943029,False,BUY,BUY,False,78382.77973354179,77014.4662629206,80663.3021845771,76572.54038564165,75177.0607214742,75265.74340601545,75107.14001046552,965.4294119201513,166.0691168982561,799.3602950218952,72.30633897186758,912.208980414126,1.0399137045966318,21.703143494670627,0.013001132037399143,0.011414512963257965,-0.0071983471772199,0.008261502013027125,0.010146180276761466,0.7084500042164794,0.004094810077711979,0.011029937420798327,0.12619667010386842,8429.212774722022,1.4548739381018339,1.9013923930958174,81.27586053404016,2,29
2024-10-03 00:00:00+05:30,0.00027396918188055244,0.025297693092224186,0.011789576904139858,0.012872521659911635,False,BUY,BUY,False,78712.43081425087,77320.45142965627,81032.39645524186,76934.5882552217,75468.48972257125,75387.98012474197,75139.7334405459,1083.8623385991523,349.62776123843537,734.2345773607169,66.67970221144253,927.9862563963985,0.9019557028962137,22.473896835505467,0.006289114231974291,0.013322601343777357,0.4407301295871635,0.007644506802155093,0.011102206708339257,0.3136919308309739,0.004229270276620496,0.01082980890319849,0.18010293666149957,7786.832696362078,1.038557017725622,1.5252527835402192,81.75922039753512,3,28
2024-10-04 00:00:00+05:30,0.0003650987498826949,0.03489235103270981,0.011418488845143968,0.012872521659911635,False,BUY,BUY,False,78703.73689511286,77355.72028240087,80950.43124963283,77290.15676702754,75763.39345817849,75518.35074001683,75175.28266814495,1190.596913363217,517.8215916633917,672.7753216998253,67.81435580489907,898.677741807992,0.886193577439258,23.336280484859337,0.0021037299213924063,0.008246414038056845,-0.302694595579343,0.006706683563132548,0.010940498962693052,0.6236649042395729,0.004821682785982079,0.010463575513740341,0.0963521532251547,7780.427815204035,0.8554339087544734,1.3754777075041522,81.96334268614329,4,27
2024-10-07 00:00:00+05:30,0.0003719261005919671,0.03535348091267434,0.01096251809512602,0.012872521659911635,False,BUY,BUY,False,79016.56843271895,77717.23759083128,81182.11983586506,77572.87279264462,76030.6974069907,75643.26784413824,75210.39166542822,1259.9592799466918,666.2491293200517,593.7101506266401,67.74883156309676,866.2205612584451,0.8452814375044775,23.834959853423747,0.0018751463381404786,0.008299203785140275,-0.16621393088234468,0.00621558828410637,0.011143901039501247,0.7244100917616668,0.0045494256002474925,0.010520211616803776,0.1750565502910795,5395.740965703997,-0.4689437235268239,0.6192187072861441,79.49945908913337,0,24
2024-10-08 00:00:00+05:30,0.0003509918593229969,0.033728962356651196,0.010648596433155171,0.012872521659911635,False,BUY,BUY,False,78245.96017811685,76996.1456994246,80328.98430927059,77861.61192065949,76302.14022751145,75775.55414172965,75248.2640710729,1324.8997265097714,797.9792487579957,526.9204777517757,68.91280099030766,833.2096524614966,0.8378421697148589,24.436592910416216,0.002244062386382399,0.008353757426050237,-0.37743582860971725,0.0067496439366982785,0.010864247169510578,0.6434106241248755,0.0048513206347839824,0.010406245398586445,0.0991875915739918,6824.751241444887,0.1907465487841037,0.9371790109732057,81.20398174508676,1,23
2024-10-09 00:00:00+05:30,0.00022163490450638484,0.020312935448040203,0.010869100446559615,0.012872521659911635,False,HOLD,HOLD,False,76782.92912060993,,,77938.48157215097,76478.85113211194,75872.43280982327,75278.09189303355,1299.207398219034,898.2248786502034,400.98251956883064,62.89142981686594,834.5613691929767,0.7412248639362726,24.29375323502478,-0.002338975633468607,0.007088974269283295,-0.3683029655747537,0.0053310782019652695,0.012066831987358835,0.5553965938346691,0.004154107252398246,0.010911022932816351,0.15776722935655735,6176.290483929843,-0.5741336394948064,0.6686247078506676,80.19729138149725,2,22
2024-10-10 00:00:00+05:30,0.00012105033089108019,0.01003499609766789,0.011771661869335598,0.012872521659911635,False,HOLD,HOLD,False,74911.43341497908,,,77707.37108184276,76506.49458561177,75908.13854750118,75293.06539778555,1147.5632686377648,948.0925566477158,199.47071199004904,53.35892300924361,881.8320643083819,0.5841132324742588,22.90733446076397,-0.004124383720744287,0.010007707365057643,-0.9235438756665039,0.0010823652556150025,0.012390345713532033,0.37323551717462233,0.0029832068412065323,0.01206281793365241,0.03448291220005403,2637.8373250906297,-2.389722016796327,-0.5078077914761226,78.12489712752355,3,21
2024-10-11 00:00:00+05:30,8.776759648201981e-05,0.006683902989059623,0.01305700147800687,0.012872521659911635,True,HOLD,HOLD,False,73928.46222730464,,,77148.18354847003,76361.48902464515,75869.052071716,75289.2680646233,866.3830165948602,931.7506486371448,-65.36763204228453,44.14197058965818,965.2840405686918,0.38877062873810897,22.27363984020468,-0.00989891338161827,0.012114137132767815,-0.08111038554017636,-0.0038975917301129316,0.011638925434757136,-0.5659491809724284,0.0009470223839923642,0.01313118946006248,-0.05613438063129112,1639.5604372167436,-1.9503908894935447,-0.9001401900593863,78.87568521775945,4,20
2024-10-14 00:00:00+05:30,4.75230167691235e-05,0.0035274518397860185,0.013181805947902008,0.012895503423943029,True,HOLD,HOLD,False,73537.3754473659,,,76504.23928423696,76140.30477034148,75792.95050919006,75275.72770803308,557.7981316003716,856.9601452297902,-299.16201362941865,40.21296189963142,969.355413065191,0.2822790776795348,22.14665659717704,-0.012518547623140766,0.010814772420893527,0.8058607393151881,-0.005321700642500144,0.011838216872858973,-0.161920299173375,0.00048226281654069043,0.01347233610197392,-0.002028702383230605,-823.6624716041988,-1.9682998395029487,-1.6447842783358508,77.18183327765325,0,17
2024-10-15 00:00:00+05:30,6.603801308990144e-05,0.005128448739425088,0.012738028648347294,0.012911705483671527,False,HOLD,HOLD,False,73293.76624986882,,,75910.86651686275,75903.67483188915,75704.49658519696,75258.43067061351,278.4748673890572,741.2630896616437,-462.7882222725865,38.735692743615424,933.6180942360991,0.22095515578567024,22.25358360117502,-0.01437275420284106,0.007598095455544998,-0.3248383588475174,-0.006064345908229329,0.011548745745458363,0.0299149926814806,0.0010931703245028895,0.012876800850563728,-0.006041775466613006,-1196.5422715592576,-1.5606045651260834,-1.7573301689714897,75.09292162218928,1,16
2024-10-16 00:00:00+05:30,5.8659459931422986e-05,0.004656908844225891,0.011917690581488175,0.012911705483671527,False,HOLD,HOLD,False,75032.5700176471,,,75387.44646346397,75666.41041534184,75609.9581406743,75238.88177090461,37.02513901985367,600.4154995332857,-563.390360513432,37.80407570895838,894.2149530041648,0.1888840603771269,22.512583485753122,-0.01307632800696278,0.008997449602440094,-0.20421030787725422,-0.007707651820215692,0.00950472082784535,-0.4285994685264997,0.00027692509640571666,0.012596222492985866,0.15787753724370185,-2813.347622348956,-1.5435246921178474,-2.057674535131611,74.40233031328522,2,15
2024-10-17 00:00:00+05:30,0.00016119877799764703,0.011880383138440517,0.012686028464726318,0.012911705483671527,False,HOLD,HOLD,False,76050.24709123818,,,75316.4711743006,75608.78856100596,75587.31546918304,75236.82891763837,-13.85882211921853,477.56063520278485,-491.4194573220034,47.50825249614509,964.7755993489175,0.3575065586793954,21.431570602740198,-0.0046120104398667,0.017789768497310374,0.9902370535487119,-0.004368197080305493,0.013610105433149906,0.579870126525905,0.0016381548609248,0.013568483113652078,0.0834731039789207,-1777.623867273389,-1.053922286042526,-1.6266897196007708,73.49834019582485,3,14
2024-10-18 00:00:00+05:30,0.00014092876926950182,0.010390120132946868,0.01330684436902688,0.012911705483671527,True,HOLD,HOLD,False,75192.32078180753,,,75463.22635768812,75648.92115466343,75605.46965044012,75244.92263080852,27.61497855251946,387.5715038727318,-359.95652532021234,52.20821237333393,1000.5725103894584,0.4595336617506923,20.23218236628139,0.0030175479648705396,0.014994393478381359,0.5643344804950551,-0.003440682708373865,0.014542749439392155,0.46380974184999596,0.0016330004273793417,0.013563728567739988,0.08380380712232414,-704.9880236691097,-0.6307724835593038,-1.2220781025948295,73.56649401149892,4,13
2024-10-21 00:00:00+05:30,9.713428724259193e-05,0.007016909128840215,0.013241606735460463,0.012940679087445972,True,HOLD,HOLD,False,75521.82231115528,,,75409.04524251202,75607.41202985834,75589.26773402316,75244.39922932592,-8.64456957722723,308.32828918274004,-316.97285875996727,48.28334364589179,1000.030270989642,0.34452384615981724,19.006112696677103,0.003390241902747703,0.014505441916432228,0.6735945005564291,-0.004564152860196531,0.01469010457293685,0.7141499412645392,0.0008257177119549191,0.013842888009388644,0.2245677021530817,-989.2662324282574,-0.5632190305604124,-1.202926632249612,73.93704172536614,0,10
2024-10-22 00:00:00+05:30,0.0001515348100254038,0.010937616174291703,0.012821988607391544,0.012969358188273876,False,HOLD,HOLD,False,75168.83124798979,,,75431.60065624067,75599.63114633989,75586.62281547932,75247.15965800085,-10.66951155908464,244.5287290343751,-255.19824059345973,49.84293409747997,963.8138978926626,0.37018654089012876,17.68427271247463,0.005325573053196667,0.013677325806056817,0.19728746709904318,-0.004523590574822196,0.014716813607198865,0.7039784188426434,0.0011130266809380414,0.01385446404506116,0.15608448662800742,-328.1271309956064,-0.194004174889425,-0.9463843594471304,74.9730005096952,1,9
2024-10-23 00:00:00+05:30,0.00011118987823383149,0.008004961977169874,0.01258105931286384,0.012940679087445972,False,HOLD,HOLD,False,74927.7544535443,,,75379.04677459049,75560.46751921714,75570.2388324405,75246.38027083657,-40.29324593915953,187.56433403966815,-227.8575799788277,48.167135183116024,942.6705229597386,0.31380237818498474,16.685917878090816,0.005052221202952584,0.013905029421416653,0.2306801458491523,-0.0040120534020050965,0.014601470669370781,0.5959140680155709,0.0006595123999800864,0.01389011947226541,0.2587422001850301,-1817.871522283749,-0.7365550961590421,-1.2141118597177136,73.8558467635869,2,8
2024-10-24 00:00:00+05:30,7.368994598599247e-05,0.005752411886059287,0.012082332164410091,0.012911705483671527,False,HOLD,HOLD,False,75109.58896872615,,,75288.78831038126,75502.94814961051,75545.04336660143,75243.20986469436,-82.27473942986398,133.59651934576175,-215.87125877562573,47.00478560557568,907.4990026524613,0.2920640248667852,15.840140361018484,-0.00027958216692641654,0.009502672393241984,0.5999263456438927,-0.002445796303396558,0.013638309686953108,0.47831688713035914,-0.0006817155238907777,0.012810269404486969,0.3421886268275063,-1690.0634696203779,-0.5410381764320213,-1.0715294228950192,74.72218329057351,3,7
2024-10-25 00:00:00+05:30,0.00016520625143107633,0.014590569013748422,0.011600736259815746,0.012895503423943029,False,HOLD,HOLD,False,75684.87317535549,,,75252.94844205024,75467.18822407557,75527.96672354749,75241.88030354046,-99.72330161543505,86.9325551535224,-186.65585676895745,48.02360613695836,878.0002525649026,0.3334855572337827,14.870571102278303,-0.0024892068941698695,0.006224829434887464,-0.4557886115287435,0.00026417053535033604,0.011205813083721716,1.0315052338649826,-0.0018167105973812977,0.011322810733111612,0.13978376633664388,-595.6470142170583,0.904256992109226,-0.7279549921114503,76.64412330721137,4,6
2024-10-28 00:00:00+05:30,0.0001681601888814618,0.014616482320731868,0.011595031674975415,0.012872521659911635,False,HOLD,HOLD,False,75392.450413524,,,75339.3333887113,75486.97776510101,75534.11991773604,75246.28819281225,-66.3657620397862,56.27289171486068,-122.63865375464688,51.218849114754484,874.1778505988241,0.4219886860752038,14.039948506020815,0.0013058412088463186,0.005170932093362274,-0.07250238661457713,0.0023480415557970116,0.010324982384986059,0.9094011824196749,-0.0014868295433515658,0.011504833050216543,0.06913561239603462,1390.2816706791637,2.164166664265027,-0.1882485440039475,77.85422242243719,0,3
2024-10-29 00:00:00+05:30,0.00013801486903779474,0.012018103615263804,0.011074870438744198,0.012837575459719931,False,HOLD,HOLD,False,76376.37872991087,,,75349.95679367385,75478.3843695031,75528.5642509042,75247.7425432671,-62.80180448941246,32.45795247400605,-95.25975696341851,49.55134617437311,845.8584990142209,0.39929508738387953,13.072090764380176,-0.000342901773269572,0.005262109573074724,1.082649029196845,0.002491335639963548,0.010216354919670016,0.9131479733540893,-0.0017865051341328906,0.011483914056333025,0.15418031746550562,-231.46259763053968,0.6266610125322553,-0.5197782925159965,76.69975179339608,1,2
2024-10-30 00:00:00+05:30,0.00018734738056638416,0.0163282545754741,0.011467890334322441,0.012831080145801829,False,HOLD,HOLD,False,75351.9818151512,,,75555.24118092125,75560.02022044925,75561.8118775319,75258.97275407947,19.1961681691173,29.805595613028302,-10.609427443911002,54.87479352159147,864.1282639300128,0.5549720648920454,12.90588006106873,0.0031873604976359175,0.007189007314780385,0.4582394271632874,0.004119790850294252,0.010481841129386561,0.4199627445518838,-0.00179393048496072,0.011473815507983922,0.15295300384879543,-826.5999864174228,-0.07278963780379644,-0.6020635736293696,75.26568971374789,2,1
2024-10-31 00:00:00+05:30,0.0001305894775173033,0.011225552641729631,0.012009810949429168,0.01280331567771441,False,HOLD,HOLD,False,75372.77942446523,,,75514.58930776725,75541.10763814943,75553.58324763463,75259.89821737373,1.5025618874788051,24.144988867918403,-22.6424269804396,49.06925715088749,905.2128316208521,0.42418397018539533,12.067387562300658,0.0011291701702857958,0.010285514983455936,-0.5063851732798715,0.0004247940016796901,0.00936501683110382,0.007444742532439689,-0.0019717015393129014,0.011633233719991011,0.15819532726502605,-967.7107506315806,-0.3274945570769409,-0.5696672542678534,76.24294318887935,3,0
2024-11-01 00:00:00+05:30,0.00010317073895119615,0.008927433956395964,0.011061027647106994,0.01275015240773686,False,HOLD,HOLD,False,77774.86341987272,,,75486.22733110686,75525.80507326905,75546.49290162798,75261.0214134642,-10.718004819660564,17.17239013040261,-27.890394950063175,49.18679449716494,860.2699145371826,0.4486448027992076,11.242901975784662,0.000699592189862348,0.010262752129499512,-0.30139547235964026,-0.0008948073521537599,0.008176602323811004,0.0579395569115825,-0.002167745030263812,0.011556595036727275,0.20945211358286522,-762.3288049312105,-0.09032323720458763,-0.4300483038109976,76.1167959923584,4,28
2024-11-04 00:00:00+05:30,0.00017996448146795146,0.013058394907653415,0.012553325657336462,0.01275015240773686,False,HOLD,HOLD,False,77998.94120958167,,,75943.95454886003,75730.26492296028,75633.87998077483,75286.0347667618,171.44885571088525,48.027683246499144,123.4211724643861,60.51958857760215,979.1461099313198,0.8786894805782546,11.96568252242052,0.005447994433345627,0.01733010602599099,0.8080271841172522,0.0033769178210959734,0.01225279123611834,1.2736571249281323,-0.0005936175195502786,0.013781516238452538,0.5837715196165654,433.5874450193078,1.0266383334940112,0.10162025678917855,74.72255188473645,0,25
2024-11-05 00:00:00+05:30,0.0001669892041072548,0.012131719227128373,0.011757322768634872,0.012737393508880297,False,HOLD,HOLD,False,79367.88452063769,,,76354.95188100435,75936.50822174405,75726.62747994372,75313.02886072022,330.0934976906865,104.44084613533661,225.65265155534988,61.384783933716896,933.1538357728766,0.9628567870494185,12.750998221971944,0.006797621900413328,0.016673228242787917,0.5727340905081618,0.003227360063571879,0.012248415065798168,1.3207301854942535,-0.0006481152556251584,0.013764677617484048,0.5979245595206815,350.481430754342,0.8320441292373564,0.25243998233588627,74.52949544385422,1,24
2024-11-06 00:00:00+05:30,0.0002838113577064504,0.020055855853537426,0.01217791826324587,0.012737393508880297,False,HOLD,HOLD,False,79470.99493811416,,,76957.53840893102,76248.45152164347,75869.42187369642,75353.37568320698,559.8294386116322,195.51856463059573,364.3108739810365,66.25073918424206,967.7912806551806,1.1492665780754137,14.132273351791515,0.007684067984234664,0.017192906490663254,0.34270100142211124,0.005435714240935292,0.012647627729361855,0.7667829337419708,0.0007118304194650977,0.014151046945044338,0.3660070573867725,1772.6679343368305,1.7271130174008762,1.5550443304752706,74.01327132787654,2,23
2024-11-07 00:00:00+05:30,0.0002777251182355411,0.020757698181261372,0.011428343354911908,0.012737393508880297,False,HOLD,HOLD,False,80042.78961110077,,,77460.22971476766,76541.41001404989,76010.66003308535,75394.3470190767,741.6674947032297,304.74835064512257,436.9191440581072,66.59221432818171,914.7564827606353,1.0612994261603423,15.463328196694883,0.01064437707089315,0.013513352956044377,1.150521245725919,0.0058867736205894736,0.012382595367250719,0.722544042179943,0.0017204886585964578,0.01337937934208198,0.36474230225179427,1219.6175986063754,1.031917415060249,1.3332044910882068,73.34969179705718,3,22
2024-11-08 00:00:00+05:30,0.00021182328733775624,0.017824217106569736,0.011222374081767558,0.012737393508880297,False,HOLD,HOLD,False,80004.27515064241,,,77976.74169403428,76859.71725014543,76168.78276163498,75440.60017919634,921.294407210371,428.0575619581723,493.2368452521987,68.49585416205541,897.8379038811697,1.0346581447600796,16.99425195524775,0.012023033515829524,0.012505118603583047,1.1263743873739382,0.006361312852845936,0.012325939670744296,0.5913382818931779,0.0033127416940981363,0.011884016339751686,0.7175252794280178,2902.369002710562,1.8538154982368114,2.3775134034825793,73.84225199056718,4,21
2024-11-11 00:00:00+05:30,0.00024538644517677733,0.021757820559286843,0.011036934333930928,0.012717068940444401,False,HOLD,HOLD,False,79856.8075387761,,,78382.24838535591,77145.5861501906,76319.19422787057,75486.00988040476,1048.4562830445066,552.1373061754391,496.31897686906746,68.21390009041258,881.3743409228322,0.9589659338966751,18.267533429594188,0.005652357187969113,0.007151160493304522,1.469166719075009,0.00555017581065737,0.012498849260058769,0.7879434943028626,0.003949108683227192,0.011278080196871538,0.8328196612331336,3989.5647576719057,1.9085340116229195,2.4511367145249965,74.1902745079868,0,18
2024-11-12 00:00:00+05:30,0.0002674239355530572,0.023974417403255854,0.010799009615794206,0.012717068940444401,False,HOLD,HOLD,False,79129.15043753541,,,78677.16021603995,77392.0608218802,76457.92416163157,75529.50040436866,1124.3725154945132,666.584348039254,457.7881674552592,67.075395363126,854.5164564645712,0.8946605451797108,19.381193720593092,0.004707974550376559,0.007883588531386791,1.3588961595836706,0.005752798225394944,0.01234461915074311,0.7881713288397448,0.004122066932679246,0.011154554083835196,0.8342926823732469,3061.5383468477376,1.0950399156677526,1.6516385611964979,72.9265449745172,1,17
2024-11-13 00:00:00+05:30,0.00016844536558354944,0.01473418305879466,0.010664463698415118,0.012717068940444401,False,HOLD,HOLD,False,79554.71378990522,,,78767.55826033905,77549.97805966703,76562.67813323565,75565.31781763402,1112.9909628650057,755.8656710044044,357.12529186060135,61.61108194812404,848.4083572502489,0.7810695615309787,19.9681913956403,-0.000602495216918425,0.0058884656596423736,-0.3080370642729724,0.0035407863836581207,0.01287869933866974,1.1054761947720002,0.0038302886169761857,0.011432284023579197,0.7845900865979247,2325.3047598526173,0.5350584331580096,1.1452757047428388,73.28966164556948,2,16
2024-11-14 00:00:00+05:30,0.00022582870606918713,0.021560609254815195,0.010674721369903252,0.012717068940444401,False,HOLD,HOLD,False,78761.67283371091,,,78924.9893662523,77732.22676241596,76680.01286486974,75605.01329994517,1125.3382079982694,829.7601784031774,295.57802959509195,63.48465200308998,840.7589121273422,0.8024049406428091,20.73889664493611,0.00021057943446970776,0.00646863240773052,-0.5486322689374092,0.005427478252681429,0.011401637241878345,1.4308795163270343,0.0029261361271805597,0.010474133796509119,0.9247242487105853,2258.7229340279882,0.3471435952529277,1.0047572608942166,72.88600367384264,3,15
2024-11-15 00:00:00+05:30,0.0002387773286003593,0.022641201934546554,0.010934085274287377,0.012717068940444401,False,HOLD,HOLD,False,79409.14049527605,,,78892.32605974402,77825.81276889732,76761.64658913804,75636.42284754485,1058.9250820900488,875.5931591405517,183.33192294949708,57.821366047975815,868.2663137332153,0.683684364630401,20.22642398315195,-0.00322697372789744,0.006412882467331174,0.21466032247893954,0.004398029893966042,0.01234422498198264,1.1790262054673588,0.001751611270906141,0.010546141909366853,1.1121442232627852,1208.6538904492336,-0.6306873004036271,0.3390865425988424,72.50351040728285,4,14
2024-11-18 00:00:00+05:30,0.0003618803845142727,0.03559340182698389,0.010608151077715556,0.012691228270691477,False,BUY,BUY,False,80466.1794836932,79185.7834007788,82600.17295521717,78995.68894685044,77969.75165311356,76865.46987957483,75673.96232662676,1046.4743258812086,909.7693924886831,136.7049333925255,60.8890149375067,853.5973886095933,0.7400560790832287,20.081160357061655,-0.0014933182827760762,0.008249426944916108,0.11900732477498979,0.0020795194525965186,0.008194986679638357,0.1828730424180381,0.002728218636846246,0.010167063723589517,1.0598453773375132,3548.594886777064,1.1229264244215882,1.522437520572228,74.04471686922669,0,11
2024-11-19 00:00:00+05:30,0.0003657030588085711,0.03505726053764811,0.011108310333827321,0.012674160292331142,False,BUY,BUY,False,80837.04691836315,79490.10241290415,83081.95442746149,79289.78705421899,78196.6996377117,77006.67417777555,75721.64607943338,1109.116025068477,949.638719004642,159.47730606383504,65.3231633127065,897.9630036393374,0.835131362111864,20.818754473273213,0.0015203680788703957,0.010526885664386556,-0.2845275285039235,0.003114171314623478,0.00892728182617811,-0.025251812292846454,0.003170765689097678,0.010431592577401802,0.8990708021053196,4227.07393718895,1.4606032155074107,1.6579271218758007,74.15861091924745,1,10
2024-11-20 00:00:00+05:30,0.0003403942062385521,0.03314802959553134,0.01094343150856163,0.01266877346449479,False,BUY,BUY,False,80575.96015263106,79253.2939008807,82780.40390554833,79599.23902704782,78436.73120868001,77156.88487348487,75772.54559026852,1175.1396471396438,994.7389046316423,180.40074250800149,66.74761160447898,881.7775011669091,0.843580190177782,21.63883955649798,0.004270805727346576,0.00867429131577843,-1.3653259475369515,0.001834155255214075,0.007446416631556863,-0.3711596673374525,0.0036349347480746827,0.010268912221691764,0.8180398800149251,2968.3390153344226,0.19050852694024895,0.907708167530381,72.64340492821249,2,9
2024-11-21 00:00:00+05:30,0.00031577359086851643,0.030748050299656403,0.010819479813511518,0.01266877346449479,False,BUY,BUY,False,81032.31114514981,79717.2199631341,83224.12978184264,79794.58325216448,78631.20656722102,77290.9662569808,75820.34076004328,1192.648217055641,1034.320767116442,158.3274499391989,64.73168386172622,876.7274546771329,0.7853072589833988,22.06063456294478,0.0025510670349945556,0.009237543496809867,-0.41042008921752404,0.0013808232347321315,0.007618663967504102,-0.16398503309302487,0.0036337984276608023,0.010269711015532099,0.8180446740273629,1878.962631826973,-1.015767075999838,0.223382706001282,72.27219355706593,3,8
2024-11-22 00:00:00+05:30,0.00035481387375202174,0.034531700263233774,0.010508304656098873,0.01266877346449479,False,BUY,BUY,False,80748.86146592874,79476.0610105531,82870.1955582215,80042.12883076155,78849.48880157818,77437.68566435997,75872.20116188514,1229.1783926943754,1073.2922922320288,155.88610046234658,66.6288659731506,848.5336369171018,0.8155065318347016,22.452301354645382,0.005684296995442438,0.005996613881218964,-0.5152455712980448,0.0012286616337724991,0.007504551382568972,-0.13374102343237848,0.0037949872433092175,0.010275018926009717,0.7650173238734057,1632.610896072947,-1.0604097830003316,0.008567855383294933,70.86130927393104,4,7
2024-11-25 00:00:00+05:30,0.00036386316170157023,0.03513009066076353,0.010242494661570902,0.012622010014516676,False,BUY,BUY,False,81676.83762995202,80421.97576985385,83768.27406344896,80183.47535779499,79022.15904379186,77567.53569579404,75920.72514500996,1221.1797992803913,1102.8697936417013,118.31000563868997,64.31469128493285,836.5745733987769,0.7548437211476495,22.99298998965427,0.003346076259005257,0.0069761127351335266,0.45575354904710386,0.0009263789881145904,0.0076407251261379075,-0.009724147174814936,0.0032382773993859804,0.010357592447319403,0.9027760848249028,2158.3227014131553,-0.40044513756559486,0.31493836072440895,71.23641334139538,0,4
2024-11-26 00:00:00+05:30,0.00043502713862929483,0.04195139803458493,0.010879411168672169,0.01258694152800472,False,BUY,BUY,False,79917.39578009253,78613.21446776083,82091.03130064537,80482.14781222641,79263.49346071552,77728.6847912512,75977.99989610392,1275.0231047125562,1137.3004558558723,137.72264885668392,68.20782637375335,869.4542082211326,0.8552701888617225,23.931925493601227,0.0029866982043736186,0.006359056739365293,0.17809891858700275,0.002253533141622007,0.008235337190118442,-0.32472796104345586,0.004003165683508476,0.010369788827315275,0.7008919975306223,3274.364384613349,0.77571121891853,0.9215778586533835,71.29746696632107,1,3
2024-11-27 00:00:00+05:30,0.00028238283602529394,0.024293999236931225,0.011819909423145744,0.012558872388441937,False,HOLD,HOLD,False,79612.11160219068,,,80369.19740579964,79322.93912611343,77814.51659473518,76017.19786509885,1162.3235171881242,1142.3050681223226,20.018449065801633,55.78196265475812,941.0079481232642,0.5842813496533132,23.099727687443963,-0.002288362687410973,0.012582306001282404,-0.9046505729263554,0.0009912215199678013,0.01075891228649515,-1.0854293235357697,0.0022660039518129604,0.011623563221160454,0.33490776943345224,1982.2742579931364,-0.558614791812573,0.006363956452677245,71.85903011430578,2,2
2024-11-28 00:00:00+05:30,0.00023885587657291173,0.021473531345789526,0.01152596318640138,0.012439196608012286,False,HOLD,HOLD,False,77748.29287256458,,,80217.78024507785,79349.22753302954,77885.01051659619,76052.96815104007,1036.4271137145552,1121.1294772407691,-84.70236352621396,53.94558358551148,896.1239614547321,0.5058647706675846,22.142534113259,-0.002406821361608475,0.012596227031814332,-0.8552142779687164,7.21228366930404e-05,0.010736439636183889,-0.7923040264539812,0.0027498005446872343,0.011123269513830848,0.3940953555241051,2326.416108547317,-0.2044246173159759,0.15009632241955587,71.97626576413663,3,1
2024-11-29 00:00:00+05:30,8.856528251171853e-05,0.007030643196687399,0.012720084387770652,0.012343440682955478,True,HOLD,HOLD,False,76381.1441823362,,,79723.8827705752,79203.68801844181,77879.64904035965,76069.83705374181,777.2984987868695,1052.3632815499893,-275.06478276311987,44.34682381764764,971.5745996337938,0.03069703120561197,21.38379931082622,-0.008274276792597953,0.01458259932387116,0.2308175571747371,-0.0012949898985777574,0.012830306049066459,-0.8776932790620652,0.0015515199976941418,0.012597038426505202,0.04915791878309169,1050.8097619454493,-1.4913718654487107,-1.0800400691097138,73.14989742480279,4,0
2024-12-02 00:00:00+05:30,0.0001395898197185842,0.012479138664547638,0.013242539795517145,0.012343440682955478,True,HOLD,HOLD,False,77657.03663218782,,,79055.3350529274,78947.0931242504,77820.88414396657,76072.93463711091,456.3591072579293,933.1624466915774,-476.80333943364815,38.881686444748226,1028.37639800368,-0.1766117068329993,21.642086240593137,-0.01112160013899333,0.014806518032717151,1.0740050375952697,-0.0038877619399940366,0.013311985624820694,-0.35724588683104064,-0.0009041212436987595,0.011185853725237395,-0.5936754876024741,-1129.739727878361,-2.209571906922557,-2.587801947478133,71.57072557669714,0,29
2024-12-03 00:00:00+05:30,0.0002709164683725193,0.02290138917159088,0.01334857575268049,0.012343440682955478,True,HOLD,HOLD,False,78511.4434967749,,,78775.67536877948,78829.81526133562,77814.4587513478,76088.69684601715,301.49078673472104,806.8281147002062,-505.3373279654852,45.61737129167248,1048.0159509689938,0.10109803463494937,20.985396517633724,-0.010093658235941846,0.016806602365344685,1.2849233976948051,-0.0035534800157841135,0.013821630609058487,-0.223294375951582,-0.00021965435058031828,0.011829695846948471,-0.5085623522212088,-317.8863890256325,-1.375891314525161,-1.8376264324286244,71.03012918180644,1,28
2024-12-04 00:00:00+05:30,0.00029566769533199717,0.025926554156615607,0.013335468681175267,0.012439196608012286,True,HOLD,HOLD,False,77852.08151697864,,,78722.82899437856,78800.87237364828,77841.7914864626,76112.80377786548,244.87722809545812,694.4379373792566,-449.5607092837985,49.62135433618217,1038.1939948339725,0.2880253214188913,19.755683553351854,-0.0035498314564606738,0.0174767651493482,0.012257326670141486,-0.0029190970719358235,0.01437198368825703,-0.2470954956862045,-0.0005424709083608748,0.011404049051252437,-0.6340742857973602,-520.0533781730337,-1.2247608253130733,-1.7399712742762696,70.35044743280471,2,27
2024-12-05 00:00:00+05:30,0.00027688201596923055,0.02401754376683187,0.013315857280389214,0.012558872388441937,True,HOLD,HOLD,False,76476.27878800374,,,78548.67949889858,78714.61865940559,77842.19501707106,76130.11002402581,145.1325757522136,584.576865053848,-439.4442893016344,46.76013193352872,1018.3472136763147,0.18601753890803074,18.977393286295833,-0.004471120325244464,0.017615909965887352,0.26488287534188687,-0.0034389708434264693,0.014478314063074585,-0.11464889188199737,-0.0010290738043471693,0.011528323572854418,-0.4919973998751809,-2937.5077660950337,-1.9234608892953122,-2.601675501643619,68.76525591564425,3,26
2024-12-06 00:00:00+05:30,0.0001633510836565155,0.013680375433068345,0.014477441515892118,0.012602053143236336,True,HOLD,HOLD,False,73818.26257165956,,,78134.19935671962,78511.13321655088,77788.6296747547,76133.55448933902,-44.41952142356604,458.7775877583652,-503.19710918193124,41.39644961632384,1068.6995791859695,0.011623605060154673,19.131979777516044,-0.0032991965301043626,0.016151801790844175,0.4462363449781412,-0.0057867366613511585,0.014742267937882154,0.33249294145793856,-0.00227903751378933,0.011940540992878132,-0.2743312114245921,-4243.308811662995,-1.8021336810251607,-2.533363824673861,68.05290568652097,4,25
2024-12-09 00:00:00+05:30,2.4039920180727684e-05,0.0017134254549927867,0.0161692811061606,0.012692839649335185,True,HOLD,HOLD,False,73353.06810867057,,,77271.01199970761,78084.50861246984,77632.92900404509,76110.51675881485,-404.45827554118296,286.1304150984556,-690.5886906396386,33.42044063854682,1186.0663782484387,-0.19325445038687386,20.258895916532644,-0.006825940100299188,0.021222612619486676,-0.2700197712615957,-0.00897377011964626,0.017399427795572214,0.21438415657978185,-0.004023695565765835,0.0140303274418372,-0.5200224227439014,-7583.860780302057,-2.0280894628498345,-2.876232122554681,66.91852190985783,0,22
2024-12-10 00:00:00+05:30,0.00015573845024371898,0.01110082342298856,0.01509305814371449,0.01272367323988598,True,HOLD,HOLD,False,75529.94768696158,,,76487.42322150021,77654.377657579,77465.09132187355,76083.07945881342,-719.0402391989337,85.09628423897774,-804.1365234379115,32.24931203756077,1139.9778920310248,-0.0983573787759461,21.478658289642425,-0.011403566659288976,0.016954946818628167,-0.23284132849279818,-0.010748612447615411,0.015930467207179413,0.40800953598937584,-0.004247539652996702,0.014029450276742725,-0.4674069592414473,-8219.572783469426,-1.677019413107477,-2.421474779162232,66.59989324558984,1,21
2024-12-11 00:00:00+05:30,0.00018864206411434888,0.011913686578757052,0.01615491119744235,0.012754820640156145,True,HOLD,HOLD,False,75940.32178779734,,,76295.92811459249,77461.24766025014,77389.20333619074,76077.57566008852,-783.6591875093,-88.65481011067781,-695.0043773986222,42.417975957681755,1226.8091547870627,0.18085124397276411,21.05818762135227,-0.007743031096100553,0.023642371814745076,0.8980586895974277,-0.0056464312762806125,0.019724642141502952,0.4029025630094916,-0.0023276048781564066,0.015834063022164026,-0.17620493751976107,-4045.3714835692663,-0.42314450473063103,-1.1140174507615004,68.88437618666141,2,20
2024-12-12 00:00:00+05:30,0.00013294230939249184,0.008395223060633514,0.015658201373459208,0.01286899118151461,True,HOLD,HOLD,False,75447.19116179725,,,76224.80684923347,77322.98167184534,77332.38445194002,76076.20994991648,-792.6195841244335,-229.44776491342895,-563.1718192110045,44.12065090256481,1181.3673122732932,0.24990420612694883,20.42120609318594,-0.004972568653210905,0.024342452404692575,0.31652034838493226,-0.004721844489227685,0.020033665327443044,0.2346361625970838,-0.0023248608262673226,0.01583547077097673,-0.17659110602049433,-2562.8120807174128,0.15947618890603274,-0.6364239312052358,69.90106480210804,3,19
2024-12-13 00:00:00+05:30,4.51834236340318e-05,0.0028660406931457897,0.015241328896428381,0.013081962371985898,True,HOLD,HOLD,False,75884.60892436779,,,76069.28371174623,77152.45526184095,77258.45530330697,76069.95105650235,-829.9451917046827,-349.5472502716797,-480.397941433003,42.494559819316834,1156.5822827931338,0.22441989247186275,20.075939108121553,-0.0027095309666207413,0.023354216373562137,-0.0585655176677953,-0.003004363748362553,0.018932833789617083,0.07631610979693806,-0.0021496768234701554,0.015765101919902647,-0.21030938258836115,-3758.9727792351478,-0.08405436792887439,-0.8833912863705609,69.99868329522796,4,18
2024-12-16 00:00:00+05:30,0.0001066517895848083,0.006796970163278771,0.01509623458345389,0.0131937661054137,True,HOLD,HOLD,False,74491.30877430493,,,76032.34875427056,77037.19650388884,77204.57897472112,76068.10685618261,-814.8371118350915,-442.6052225843621,-372.2318892507294,44.45026798229863,1124.5382716854042,0.289540936680752,19.41163205439459,0.005521544310971986,0.014560353706047842,1.3425882029461587,-0.0006521978946636019,0.018350790700447053,-0.3126177941940265,-0.0022699799173288198,0.015691078086675143,-0.19691058646717977,-2866.2561048257194,0.32492838623570636,-0.5676940850892743,69.8842154417221,0,15
2024-12-17 00:00:00+05:30,6.796907329397278e-05,0.00434380475439922,0.015460133242244593,0.0132417933474718,True,HOLD,HOLD,False,74240.85014112426,,,75724.14075827744,76805.75216483577,77098.17622176363,76052.4173230296,-904.8608548273478,-535.0563490329592,-369.80450579438855,39.806389403451796,1147.7734351992945,0.18449494738905428,19.437940807918977,0.003079625155851512,0.01772343498900293,0.5216072618201815,-0.0041619707517187325,0.018045524500899485,0.15508458207001669,-0.0038577253837514236,0.01564735920166223,0.01848186266299684,-4568.684831802268,-0.1906530834468323,-0.9513241917224258,70.53808971127565,1,14
2024-12-18 00:00:00+05:30,0.00013178561876237024,0.008490432080642834,0.01488909277442356,0.013255400710219092,True,HOLD,HOLD,False,74344.38952672122,,,75427.4826348468,76572.57925358927,76986.12421860131,76034.39177893104,-985.0600788518932,-625.0570949967461,-360.00298385514714,39.017275993529324,1106.9205129212355,0.1918917560254568,19.692910649881608,-0.0034429392091306086,0.010008875779671578,-0.8242392631679976,-0.00559298515261558,0.017265200494987847,0.39570560798571147,-0.004256041112275703,0.015521662208785066,0.09503996791465301,-3117.442587425743,0.6471040287923778,-0.4613753918174817,70.7472366870159,2,13
2024-12-19 00:00:00+05:30,7.004416425442051e-05,0.004498051321278053,0.014970570467897636,0.013308646951299347,True,HOLD,HOLD,False,74282.47158748431,,,75210.8640132217,76370.0165511467,76882.52677970406,76017.57583612298,-1028.4089207169309,-705.727460140783,-322.68146057614786,39.55077258848795,1112.0509754300379,0.22946991095724337,19.59720283319671,-0.004247916486142071,0.009251177210773157,-0.9140209594369127,-0.004610242569676489,0.01736493874112592,0.18610300207141722,-0.004024606706551479,0.015572113177783514,0.04735133994149283,-3192.8229983369674,0.6279530915424845,-0.4186146359502053,71.32767209214393,3,12
2024-12-20 00:00:00+05:30,6.027657096881472e-05,0.0039072118829896274,0.014891546321527845,0.013319779560546424,True,HOLD,HOLD,False,75005.74176723018,,,75025.18552807422,76180.2397362683,76780.56383098956,76000.31111723106,-1055.591251567792,-775.7002184261848,-279.89103314160707,39.329190103377066,1116.951477907264,0.2459342261825531,19.540232169219518,-0.003111589370249978,0.00925205774711905,-1.50463732562868,-0.00291056016843536,0.01674808150643781,-0.10469126307878727,-0.00434864841489326,0.015427003391147992,0.10483229923051926,-3164.291650520943,0.5753577368476823,-0.34600556501800017,71.61669054823892,4,11
2024-12-23 00:00:00+05:30,0.0001506131321527947,0.009566468124682181,0.014462845367051013,0.013338090095476311,True,HOLD,HOLD,False,75331.65402607604,,,75021.29677590542,76073.46719362846,76710.9629657441,75990.41490479324,-1007.1616531200125,-821.9925053649504,-185.1691477550621,43.323589984503805,1089.5100634233236,0.34120811589794176,19.23321061621263,-0.0023298430732477406,0.010297350952133522,-0.9396895613611743,0.0015958506188621224,0.012588654752722639,0.8685708170907588,-0.003688959750392069,0.015743859718112884,0.0003217618882566462,-2429.0744467741897,0.8067698356294313,-0.042679006270457245,72.18085578590626,0,8
2024-12-24 00:00:00+05:30,0.00014166303816126176,0.00916148834510137,0.01402102978605464,0.013571429675554598,True,HOLD,HOLD,False,75953.42869372148,,,75083.36822593954,76006.02963294188,76656.87241909045,75983.86007017914,-931.7419111447962,-843.9423865209196,-87.79952462387655,45.078281145691,1064.945286067646,0.39771719224949814,18.400952838234954,0.0022435921667844174,0.005037337726661294,0.7026558355875571,0.002661608661317964,0.01229149233604942,0.645707739196564,-0.004043501893148724,0.015462884721892237,0.030329444168161315,-2495.42971301997,1.0234250554174604,0.0349869662781514,72.65066878916058,1,7
2024-12-25 00:00:00+05:30,0.00014046059395110807,0.00930025158974111,0.013731402713550604,0.014109392902253916,False,HOLD,HOLD,False,75343.66798404077,,,75257.38031949593,76001.24772937638,76629.28639064461,75983.5572704134,-812.4339698860131,-837.6407031939384,25.206733307925333,48.36284473808443,1034.5742470049133,0.5092209095244417,17.4671374040788,0.004561166489440472,0.004440472320868874,-0.02330388259645492,0.0005591136401549314,0.00843106573799765,-1.3562937431513569,-0.0025436588180628413,0.015102881099049713,-0.1736470295537885,224.78391178428137,2.430521622333907,1.1327005322811918,75.03397254902794,2,6
2024-12-26 00:00:00+05:30,0.00016025951578748417,0.010577206685867844,0.013225310061959206,0.014109392902253916,False,HOLD,HOLD,False,76175.02235449778,,,75274.6378524049,75941.4677525277,76578.8699825425,75977.19021283755,-758.3424603285966,-821.7810546208701,63.43859429227348,45.48969864159926,1007.4382896149069,0.4399241755250339,16.949456323453308,0.0026703354129406216,0.00725031080622026,-0.8278936331894776,-0.0007887905366007252,0.008642663360302226,-0.8314462509572026,-0.002755317512914205,0.015151402496616253,-0.12820309227878485,-1352.272270273941,0.9975948270677474,0.6552885855697569,74.56795838319395,3,5
2024-12-27 00:00:00+05:30,0.00018770678800139137,0.012853680815356115,0.013091255534055475,0.014109392902253916,False,HOLD,HOLD,False,77694.21472596045,,,75454.7147528235,75962.69998907043,76563.0328206584,75979.15869185905,-641.0021260197682,-785.6252689006498,144.62314288088157,49.86305780565375,1017.1148184953241,0.6085715292438878,15.835599923422198,0.005031721694733685,0.007730765297740328,-1.7145033777351386,0.000960066162241853,0.0091119275088071,-1.1058113765628248,-0.00102214879306035,0.014603349087145579,-0.31988299684344085,848.7134710006794,1.841780477150682,1.6278302003867422,76.27773881557752,4,4
2024-12-30 00:00:00+05:30,0.0002384204878376618,0.016164496652658594,0.014059209479248422,0.014109392902253916,False,HOLD,HOLD,False,76810.32642079456,,,75902.61474745089,76120.1104196968,76607.39289537612,75996.22392602921,-420.5748130853899,-712.6151777375978,292.0403646522079,56.69964407916528,1079.8924693194003,0.8647349217048033,15.629348772135716,0.007043226109569284,0.01016951960260533,-0.5359021734775768,0.0023566915181607714,0.010839507610185385,-0.4321022871943357,0.0008522468117485844,0.014749638851170074,-0.4880198454114737,2756.6726451863215,1.9501574772234715,2.1007233726732935,76.19628586994129,0,1
2024-12-31 00:00:00+05:30,0.00019329468483109217,0.013324461350849741,0.014217836613754899,0.014139936656808941,True,HOLD,HOLD,False,76011.65246968213,,,76084.15708211964,76182.85732888749,76615.35107284352,76004.32444836518,-313.5920844111679,-632.8105590723119,319.218474661144,52.23665225057117,1080.7212555554595,0.7211885929835748,14.894556280657564,0.0038877342105035533,0.013212241017961722,-0.1593259192280542,0.0030656631886439843,0.009466375253768426,0.1318582392494215,-0.0005481537815373743,0.014506754137477023,-0.30003391178846994,1999.3284416552633,1.3174413577992126,1.6614750208441365,76.73687524552403,1,0
2025-01-01 00:00:00+05:30,0.00011196540530999496,0.007773588111141978,0.013968464258265657,0.014266838364414123,False,HOLD,HOLD,False,77255.35133100036,,,76069.65615963214,76167.29325077792,76591.67661781759,76004.39736400018,-289.9118904171337,-564.2308253412763,274.3189349241426,48.52022702726723,1079.1386138268347,0.6093464165558198,14.019200338079207,0.00015325567785416037,0.014277552763783882,0.7850255493531534,0.0023572110836473153,0.010235230137603645,0.0788577995736984,-0.0016178870344841327,0.014403310763212883,-0.10720446904074536,310.41286492565996,0.4421550088197996,1.0168100320159965,75.23227883255632,2,30
2025-01-02 00:00:00+05:30,0.00019841639412901608,0.013371933391641194,0.014166631219938495,0.014266838364414123,False,HOLD,HOLD,False,77093.5766604878,,,76306.79519390578,76266.20762170723,76617.70307715809,76016.84466715441,-168.84274789024494,-485.15320985107,316.3104619608251,54.00762320660649,1092.1562699751883,0.8995615486916259,13.603321066387986,0.005011259889571859,0.014902803997518687,-0.41894800026399276,0.003840797651256239,0.011117264419782412,-0.17225622301795432,-0.0003847224592101248,0.014838272695334118,-0.26831663332145034,1429.3112978050485,0.7853973532023824,1.2789654577192324,74.4813950843373,3,29
2025-01-03 00:00:00+05:30,0.00015601691364978685,0.010932503600959874,0.013325980310816296,0.014266838364414123,False,HOLD,HOLD,False,78418.97043430325,,,76464.15148722219,76341.4229888691,76636.36478630827,76027.55841833186,-84.96897463638743,-405.1163628081335,320.14738817174606,53.21306099641276,1045.0096560020104,0.8455299011947099,13.137436421725635,0.0023972693936028305,0.0147408849185417,0.39107871710509334,0.0037144955441682564,0.011183244055277411,-0.13751263044763493,0.00040196768786644776,0.014270922685640695,-0.3788276105293091,185.54230016155634,0.021292749215456073,0.7732576537161829,73.41125473217113,4,28
2025-01-06 00:00:00+05:30,0.00022751394027052798,0.018983102337311444,0.013660000248690015,0.014266838364414123,False,HOLD,HOLD,False,78019.23964021596,,,76855.1152766384,76530.29093845401,76706.27089015122,76051.35356276938,87.44182083423948,-306.6047260796589,394.0465469138984,58.58848849619695,1065.742832887956,1.0380890030061227,13.348658809082675,0.0018570139722904778,0.013975679232346345,0.33491384070259644,0.00445012004092988,0.011842470400333555,-0.16877770868087022,0.003022985329896001,0.01198507684507118,0.331376998406667,1297.3349202911777,0.5018156869422716,1.079540303932129,73.47811298184934,0,25
2025-01-07 00:00:00+05:30,0.0001695301283123575,0.014200484895203801,0.012954274927292257,0.014266838364414123,False,HOLD,HOLD,False,79409.3392942007,,,77087.94014935392,76665.64991134146,76757.75986074201,76070.93451876387,189.6376591152657,-207.35624904067402,396.9939081559397,56.48084606490574,1028.690413011708,0.9216622890563313,13.376733317965432,0.0031232737217170466,0.012697936322138054,0.3556740210243839,0.003505503966110298,0.012223222878459313,0.07049176662255174,0.003083556313714131,0.011938333765603744,0.32792702841086785,643.5317278349248,-0.16875271756963467,0.8077340874050701,73.1654236232188,1,24
2025-01-08 00:00:00+05:30,0.00022719329674605914,0.020974259729485755,0.013314859629406234,0.014266838364414123,False,HOLD,HOLD,False,79550.63540109729,,,77552.21997832328,76915.07621887412,76861.74336793648,76104.15247672841,378.4356511448714,-90.19786900356495,468.63352014843633,61.64783505458461,1059.2055437956847,1.070296214062262,14.181691898580198,0.008745866837087765,0.011334839138689408,-0.6396057071617595,0.0044495612574709615,0.012969583139128325,-0.04060067840757632,0.0025043374488129466,0.010832005499897062,-0.0639075814961868,3013.6763676709525,1.466910212701806,1.637100788999943,73.5474343631631,2,23
2025-01-09 00:00:00+05:30,0.00022433620392560397,0.020750687621481634,0.012839800894982706,0.014266838364414123,False,HOLD,HOLD,False,79813.48683788968,,,77951.90306287809,77154.67250816713,76967.19011433494,76138.44583915995,533.3131331866607,34.50433143448019,498.8088017521805,62.13988363269532,1024.7892797328263,1.0007229759890006,15.166613364453076,0.005855511184634515,0.010778367005033372,0.38506274469553026,0.0054333855371031855,0.012269424281330127,-0.2035780291285161,0.0023222975002512294,0.010811025061808819,-0.009310101160974244,3755.870702385888,1.7470137497123244,1.692916045994749,74.0372675943547,3,22
2025-01-10 00:00:00+05:30,0.00023932313994144594,0.022557111687470138,0.012280993471439376,0.014266838364414123,False,HOLD,HOLD,False,81342.53962776336,,,78324.21981788041,77396.38290177827,77078.80959369002,76175.01341128662,669.5464530126628,161.51275575011672,508.03369726254607,63.08861504456085,998.9671981188606,0.9632803016438061,16.006267860850123,0.006934506573397893,0.010027195257005487,0.1385041420068477,0.004665887983500361,0.012123529164761934,0.01272164298498354,0.002812977072871106,0.010609653543293995,-0.1302882091303736,4183.668852888455,1.5637264294088633,1.6480613600626752,72.76264681701684,4,21
2025-01-13 00:00:00+05:30,0.0003625182022666321,0.03237368288429432,0.013210147381196156,0.014266838364414123,False,BUY,BUY,False,81006.37962582623,79401.2203053148,83681.64516001196,78927.883779857,77755.12442232238,77246.01469306544,76226.43158259486,890.6275221196993,307.33570902403324,583.291813095666,68.0969199088131,1070.10621367429,1.0547023021984427,17.629983029486706,0.007320650890458871,0.010538089351603726,0.18967353246226812,0.004588832431374673,0.012019022282685489,-0.002848471792433106,0.003472761974767722,0.011197928995668984,-0.13266626643242033,5222.458233456215,1.721942594507261,1.7728432237984955,72.86063774734066,0,18
2025-01-14 00:00:00+05:30,0.00030754850779443523,0.03038986053882056,0.01288374521852434,0.014266838364414123,False,BUY,BUY,False,80112.71064639243,78564.48301729221,82693.09002822613,79343.58294905085,78050.69307718637,77393.47998454627,76273.99325466681,1026.8734020676056,451.24324763274774,575.6301544348579,65.97741723599466,1032.1517527334825,0.9474437306770652,18.833228445594308,0.007514490811215772,0.010257441557887931,0.27146651882526684,0.005318882266466408,0.011125634790558642,0.09831116907065987,0.004192272727555195,0.01012010263757437,0.15908043368819505,5491.243233384492,1.4451405942101279,1.6967189972795007,73.8627021795475,1,17
2025-01-15 00:00:00+05:30,0.00018053033590956918,0.01709299187879231,0.013016576279732801,0.014266838364414123,False,HOLD,HOLD,False,79698.57306545059,,,79497.40848851917,78238.14921984146,77500.11648108925,76312.18944761931,1050.626655495682,571.1199292053346,479.5067262903473,60.57925700612862,1037.4025556922957,0.8119912808420588,19.065007754834784,0.0017637083041130784,0.011167071914413688,0.8294908012919916,0.0052547875706004206,0.011227964286724193,0.0681923821793955,0.003805999327123868,0.010561658087110983,0.10608735969106743,3011.9746690866305,0.10053046377383094,0.7238675684016378,73.04283608716413,2,16
2025-01-16 00:00:00+05:30,0.00016501821255895087,0.0153625923040828,0.012720185955941897,0.014266838364414123,False,HOLD,HOLD,False,80148.38362690689,,,79537.64140390547,78370.91502398773,77586.3304647897,76345.88480700072,1024.2271848528617,661.7413803348401,362.4858045180216,58.20271052031664,1019.5023438024244,0.7401896808621574,18.823061883204478,0.0003715879239434389,0.011590711602585535,1.2562688653523517,0.0031135495542889756,0.010940519481983184,0.557258275002255,0.003477173602772607,0.010741560362510904,0.16931338602058177,2202.9178234939027,-0.38207624762199366,0.34267504523311443,72.35689040392195,3,15
2025-01-17 00:00:00+05:30,0.0002462681274550494,0.023011002029043014,0.012549861020331638,0.014266838364414123,False,HOLD,HOLD,False,78672.26201425477,,,79659.78984850575,78532.50307879857,77686.8031378139,76383.72061615402,1027.754058227758,734.9439159134237,292.81014231433426,60.03652462831606,987.3259544340133,0.7715587169087287,18.829064297102725,0.0008374427664527411,0.011782987212643554,1.0285606098527809,0.003885974669925316,0.010803647517629503,0.32741280520229843,0.003800235107046786,0.010702190506272849,0.07483032068078514,4079.8473077020462,0.49905869457652263,1.028116658627121,74.05855652545047,4,14
2025-01-20 00:00:00+05:30,0.00011012770233087923,0.009409184100314556,0.013046138382714434,0.014266838364414123,False,HOLD,HOLD,False,79292.24206464928,,,79462.28428165556,78545.20843656732,77725.44858394883,76406.49217235403,901.051690110733,768.1654707528855,132.8862193578475,51.977222564330795,1034.457562651105,0.5648406394381751,17.662129302993993,-0.0066756962472106956,0.008964909240056421,0.060781050065832655,0.00032247732162408657,0.011810673291818664,0.27098572942390137,0.002386298681276983,0.011704277560813969,0.045156472433318114,868.2426585749927,-1.4447471899312543,-0.48548030751009863,72.79330037127919,0,11
2025-01-21 00:00:00+05:30,0.000209199494330769,0.01778708178440823,0.01283770294266232,0.014266838364414123,False,HOLD,HOLD,False,78797.00777507003,,,79428.27583825431,78613.12058457478,77786.89146554493,76435.20610163061,840.9721556902805,782.7268077403645,58.24534794991598,54.7261875988657,1011.5725785870021,0.6295228909726288,16.92554925572565,-0.004277523746942154,0.011149936885762048,-0.14825559034647806,0.0016184835321368073,0.011859238395207968,-0.09508475312761529,0.0025619937491235525,0.011761316266850966,0.0002994243478651397,3210.4644156207214,-0.21380681650161296,0.5668653760902719,74.90704765447424,1,10
2025-01-22 00:00:00+05:30,0.00016882485190389612,0.014258499114370835,0.012218989400614983,0.014266838364414123,False,HOLD,HOLD,False,79905.82131753392,,,79302.02222561746,78629.83760189252,77826.50386984003,76458.70661579419,744.811697865196,775.1437857653309,-30.332087900134866,52.15780948288794,976.3683837263818,0.5400048711589026,16.035277852808395,-0.0033119004927899104,0.010607984999923539,-0.5210885911323814,-0.0007740960943384173,0.010610978985356819,0.1918373162908944,0.0018377325815662718,0.011840296131430915,0.17384502345420294,1947.1504637882317,-0.9971324615158054,-0.17307583451625305,74.51084896938896,2,9
2025-01-23 00:00:00+05:30,0.0002740163244486446,0.0230347121743317,0.012917675773102854,0.014266838364414123,False,HOLD,HOLD,False,77658.23411342056,,,79422.78204400075,78745.83612149628,77908.04573053392,76493.00626456771,749.4367875963362,770.0023861315319,-20.565598535195704,57.021314740881664,1003.1638893888825,0.6907507601366794,15.78362682427657,0.0005194051689301551,0.012961615108369793,-0.8279012362809888,0.00044549654643679553,0.011592367563435445,0.03547745633443319,0.0029394410417699903,0.011895799798791908,-0.042434171242088044,3523.2771609234915,0.10287195342034115,0.6468387189023742,76.24686231973509,3,8
2025-01-24 00:00:00+05:30,7.219748615490873e-05,0.005291900688422141,0.014652110337609037,0.014266838364414123,True,HOLD,HOLD,False,76944.0765968607,,,79069.87245788472,78646.96321167122,77898.24919652949,76504.60057152147,565.2251374838233,729.0469364019903,-163.8217989181669,46.6656425102756,1127.3931001226442,0.29033212425520544,15.467140183762211,-0.006312425329057854,0.017723426742192884,-0.12201700718596786,-0.002737491281302558,0.014680433338346802,-0.2243818499756118,0.0009641983510989011,0.013643016074142443,-0.27169323150183605,-264.3744721859257,-1.7632930285939397,-1.629188993617231,74.79951005160422,4,7
2025-01-27 00:00:00+05:30,0.00012694730800788293,0.009712694077153876,0.014763289246433069,0.014465764596819234,True,HOLD,HOLD,False,75417.6459121918,,,78644.71328567991,78492.15533759752,77860.83066320916,76508.973467296,357.4886280976207,654.7352747411163,-297.24664664349564,43.93530190180945,1113.412520886758,0.17885468724532436,15.399291800858942,-0.004442352220939002,0.01655929228282893,-0.5497756948730829,-0.005559024234074849,0.012608588775608633,-0.22787511540547453,-0.0004850959013500884,0.013070246730666356,-0.13916531761320736,-1844.7117908446235,-1.8813958907426886,-2.118485225898055,74.11047334816176,0,4
2025-01-28 00:00:00+05:30,0.00012419759258209113,0.009145047677524911,0.015629783687673638,0.014512375280235502,True,HOLD,HOLD,False,74688.52329117352,,,77999.2998109823,78212.65448074245,77765.01949650259,76498.1144866482,68.89160882603028,537.5665415580992,-468.6749327320689,38.7206007454361,1167.3654629928164,-0.02858619070779764,16.110927995009668,-0.01001980307004952,0.016073419675548605,0.653955393286229,-0.007148663408495839,0.01338796341682677,0.08140009385862806,-0.0009148905710147162,0.013580857854609345,-0.16232949473110975,-2531.5052666267,-1.71938346082905,-2.062786077891671,75.21028379277391,1,3
2025-01-29 00:00:00+05:30,8.040940970900966e-05,0.00593227274907019,0.015326140014701511,0.014674346119373844,True,HOLD,HOLD,False,74925.81142315907,,,77337.14450702055,77892.27891805436,77644.37258648968,76480.10860410618,-216.1658844032936,386.8200563658206,-602.9859407691142,36.49253495427528,1148.323476586458,-0.08391460625895522,17.007195890891765,-0.010709716148723101,0.015945499882644296,0.8808877944834208,-0.007010808320756507,0.013349874906871161,0.045970406781627816,-0.000878010375078043,0.013554570585381941,-0.16797471809420642,-4106.150223565259,-1.7204296010135498,-2.2939956518526343,74.15193876543627,2,2
2025-01-30 00:00:00+05:30,0.0001623836188053151,0.012500763161146863,0.015188590198255884,0.014788449952031168,True,HOLD,HOLD,False,74779.79946127132,,,76854.87789024826,77622.60005488206,77537.76234479045,76464.64296051467,-418.10913057098514,225.83421897845946,-643.9433495494446,37.747985082030404,1135.7997291250063,0.014876927884627333,17.72422714946031,-0.012870052942000615,0.01201178997744458,-0.0004139308245715826,-0.006175323886535232,0.013732929726997876,-0.12993159467305482,-0.0015308871661231286,0.01298989643368441,-0.1549737239629288,-1386.183971453458,-0.6164744147103073,-1.1342676383239267,76.2140854476477,3,1
2025-01-31 00:00:00+05:30,0.00014528098584156292,0.011184404720545457,0.014574531806042642,0.014889583483844417,False,HOLD,HOLD,False,74567.68580547332,,,76439.86220445287,77364.16363728109,77429.60693759362,76447.8783485819,-583.2096750344936,64.02544017586887,-647.2351152103624,37.259880097495696,1086.7891084748653,0.04767410020363101,18.39004188955968,-0.007553959505362276,0.008800458822835953,-0.33649286528980044,-0.0069331924172100655,0.013208268629454836,-0.025178939155612375,-0.0015236088736423753,0.01298960378058258,-0.15684907405801124,-2505.440323713774,-0.8419679227798647,-1.429140392580692,75.63383853150893,4,0
2025-02-03 00:00:00+05:30,0.00010618544787923931,0.008680672019995807,0.013888069138662794,0.014889583483844417,False,HOLD,HOLD,False,74440.26806065082,,,76065.42692465696,77109.93837984402,77317.37473633401,76429.16996506839,-722.8364368284238,-93.34693522498966,-629.4895016034341,36.52107831260442,1033.8315895269104,0.0803272666026821,19.09878252964383,-0.006274326560707764,0.00895799850396438,-0.9758948899865052,-0.005358339390823384,0.012588415827324348,-0.3859160338968367,-0.002517931034599649,0.012232399477211282,-0.12089194575453575,-3021.3325106245757,-0.8598786460979969,-1.445009147231391,75.7891593732333,0,25
2025-02-04 00:00:00+05:30,0.0001294816435188615,0.010597533722308122,0.013175865419309388,0.014889583483844417,False,HOLD,HOLD,False,74637.09756912387,,,75740.39515185574,76867.24107809918,77204.54702356212,76409.37989636773,-834.1575496519217,-241.5090581103761,-592.6484915415456,36.05854748903061,983.40835285864,0.11307951847263253,19.862141124503637,-0.002608849100282827,0.004615400852010546,-0.6977139100590585,-0.0063143260851661765,0.011813046352887477,-0.3528329588313199,-0.0023479212765146846,0.012218092144052234,-0.16712671219021855,-2203.8794892578735,-0.4101663861125767,-1.0862267656127376,76.23431517555606,1,24
2025-02-05 00:00:00+05:30,0.00016422259303318617,0.014463060478808376,0.01294079525262565,0.014889583483844417,False,HOLD,HOLD,False,73753.99688464405,,,75519.73563530936,76664.50075910141,77103.8627312312,76391.7452463454,-896.1673775453819,-372.4407219973773,-523.7266555480046,37.37792631483093,954.4353727469686,0.17248875886355178,20.66640706525407,-0.00013775458969853184,0.0028168345209340414,0.524114359621742,-0.005423735369210817,0.012148113803827385,-0.5442660748678001,-0.0030989157317746173,0.011354622576169758,-0.3024455688061491,-2820.2536650994734,-0.5247851838751251,-1.1588466910333615,75.45697149416561,2,23
2025-02-06 00:00:00+05:30,0.00014378447398086372,0.012549946511109947,0.012970673402329503,0.014889583483844417,False,HOLD,HOLD,False,74397.1374531311,,,75166.58788517631,76399.9094977871,76972.49544312975,76365.49899399017,-1004.9846206392831,-498.94950172575847,-506.0351189135246,33.989227268958174,964.9809719727797,0.12959759852028072,21.694189410949726,-0.003152650830378568,0.005332554467404153,-1.2933258576160738,-0.008011351886189594,0.010148599804558003,-0.9602726529307849,-0.0037829276698763993,0.011456979028044247,-0.12619577124261908,-5081.611102348092,-1.860465228840529,-1.6395537632700468,75.34456781829532,3,22
2025-02-07 00:00:00+05:30,0.00010488237861579055,0.008969727159367225,0.01267947652974751,0.014889583483844417,False,HOLD,HOLD,False,75006.10055454056,,,75012.69779876727,76217.83931190928,76871.50101214941,76345.91330701645,-1027.4828185043152,-604.6561650814698,-422.8266534228454,38.37131497216231,951.0380915691788,0.22257558180893836,21.9114533457147,-0.001026064364550431,0.007578809712279354,-0.3145315058670918,-0.004290011934956355,0.008472696448744255,-0.37969430805123133,-0.003513751608129457,0.011692928530859521,-0.13760069474696676,-4496.46687534095,-1.2518175507220188,-1.3165764098357098,74.19350143691234,4,21
2025-02-10 00:00:00+05:30,0.00012600470130486003,0.011651285925634518,0.012515273063677952,0.014889583483844417,False,HOLD,HOLD,False,75368.53325092455,,,75011.37834992193,76107.68124305758,76798.3480530275,76332.58183684257,-984.8221526906564,-680.6893626033071,-304.13279008734924,42.27858119337425,943.257774044212,0.3019103851672889,21.429512254242372,0.0011724407471703107,0.00846360691647815,-1.0257076072751983,-0.0025509429067687283,0.009105244979796251,-0.6551722666126435,-0.0040549835704217895,0.010814660468303454,-0.45951611750977805,-4420.974044802613,-0.9723719556266768,-1.188107986563423,74.18247050365879,0,18
2025-02-11 00:00:00+05:30,0.0001781841003133773,0.016205850901068023,0.0119485216089677,0.014889583483844417,False,HOLD,HOLD,False,75888.73264481017,,,75082.80933012246,76040.48597104549,76742.27688431757,76322.98931359961,-911.2634996756242,-726.8041900177706,-184.45930965785362,44.53255735977341,906.7581618836867,0.35822466887740306,20.797069302206427,0.0024785648440556634,0.008411282861070422,-1.7784192302256334,-6.514212811358386e-05,0.006935503419822534,-0.4976163096969409,-0.0036069027683047115,0.01099504749248522,-0.5424315619598994,-4875.018314658504,-1.092503407509097,-1.2384079571496456,73.37254844418963,1,17
2025-02-12 00:00:00+05:30,0.00016667066143456378,0.01503566995558688,0.011715914871154568,0.014889583483844417,False,HOLD,HOLD,False,76174.38568134455,,,75243.99399306001,76026.690214115,76708.80456119965,76318.66835172112,-801.7499195997516,-741.7933359341667,-59.956583665584844,47.68992271091928,892.4526180051281,0.4345066141712665,19.63206465692098,0.0033261106652247687,0.008642034393145497,-2.0770779558617,0.0015941780377631166,0.006328710303434683,-0.9873928626430243,-0.0027083151414966948,0.01108501729067504,-0.7326580926860703,-4004.170804520152,-0.41444158896777283,-0.8685486322391897,73.33810455131378,2,16
2025-02-13 00:00:00+05:30,7.144458296721694e-05,0.006401858465276188,0.011043359249482703,0.014889583483844417,False,HOLD,HOLD,False,78073.14936134957,,,75430.07233071692,76040.11707477224,76687.84695806808,76317.23270325967,-684.0247936105006,-730.2396274694336,46.214833858932934,49.39344248076775,862.1898361359043,0.48768842629994225,18.30254417956277,0.006458014294266709,0.0021195882629326908,-0.3569006831709544,0.0016526817319440679,0.006347592514348848,-1.0098097164788713,-0.0022613210772955816,0.011159975396946657,-0.839571826562979,-4516.158443082837,-0.6841569908968226,-0.9416583146414677,72.34303710462117,3,15
2025-02-14 00:00:00+05:30,0.0002463140509086446,0.01957375404139962,0.01223003055395536,0.014889583483844417,False,HOLD,HOLD,False,78007.18724869343,,,75958.68773684345,76224.93819173382,76742.1725425105,76334.70451080285,-432.52652619844594,-670.697007215236,238.17048101679006,58.96054013133211,954.0302834796375,0.7571470189113719,18.359229720250408,0.009645746707362134,0.008545567948585377,2.0145135280151045,0.00430984117140585,0.00946677952844581,0.6035343967383799,-0.0013116756229021084,0.01258389424878213,-0.28195896649320284,-909.9312698825524,2.0176355972613624,0.4014319074992488,74.42280752262296,4,14
2025-02-17 00:00:00+05:30,0.00020077953332218475,0.01685935635667565,0.011601870896396393,0.014889583483844417,False,HOLD,HOLD,False,77735.81138043651,,,76368.38763921346,76386.96083327559,76791.7809623608,76351.34613008535,-235.81658178610087,-583.720922129409,347.90434034330815,58.546461908820746,901.880847662446,0.7582714805959173,18.281653104578588,0.007846303140610505,0.009794721398761362,1.7588638770149836,0.004509371943890405,0.009319203204974596,0.5915864482360792,-0.00042448372346648905,0.011909086508079168,-0.40289198044170454,2940.916601999197,2.403034974473896,1.718290227817347,78.59503457270448,0,11
2025-02-18 00:00:00+05:30,0.00019308290084189256,0.01641384415845155,0.011324753747068324,0.014889583483844417,False,HOLD,HOLD,False,77051.47440180811,,,76641.87238745808,76509.58361029021,76828.80176306967,76365.12190372069,-100.65995292756998,-487.10872828904127,386.4487753614713,56.779710432938565,872.5889734490155,0.746094022390103,17.859154089200906,0.006185237420929394,0.011058833513361382,1.5404142465867667,0.004331901132492527,0.009466540293529132,0.590448260894962,-0.0009912124763368244,0.011763417452850217,-0.2787040063674797,1981.9560464721435,1.558408951995512,1.4525437949740267,77.96041572428297,1,10
2025-02-19 00:00:00+05:30,0.00012658718224556174,0.010693195422350367,0.011666246680837529,0.014889583483844417,False,HOLD,HOLD,False,76118.13443593857,,,76723.7927903281,76558.8464095191,76837.53402341236,76371.95128181111,-48.21186932011915,-399.3293564952569,351.11748717513774,52.47896685092757,888.0129332148132,0.6684644397371764,16.71291166570922,0.0030410947706866493,0.012894871966765219,1.5614551323538959,0.003183602717955707,0.010349734355778606,0.5839308881346292,-0.001120066325627555,0.011838106126909055,-0.24906613772379893,594.7216606373986,0.9209256406354701,0.9946210828649241,77.18073312173055,2,9
2025-02-20 00:00:00+05:30,5.835102183952553e-05,0.005063569912895296,0.012288508742062602,0.014889583483844417,False,HOLD,HOLD,False,75004.85429334316,,,76602.66111945019,76518.78168464814,76809.32227488398,76369.42574105615,-81.02511312360002,-335.6685078209255,254.6433946973255,47.225113730925976,921.6978076808791,0.5633707463135534,16.118249277733135,-0.00014774526791139117,0.014540071002703726,1.7289555846749385,0.003155134513177656,0.010396128687349486,0.5619343638661876,-0.0024281086865059684,0.011523692344194578,-0.07314797756797345,68.28708128104336,0.6046559953897238,0.9649658974755089,77.77333873601135,3,8
2025-02-21 00:00:00+05:30,7.261706057839899e-05,0.007106934061565644,0.01281292049240359,0.014889583483844417,False,HOLD,HOLD,False,74223.9869074087,,,76283.09975422878,76381.15192180223,76738.55882462749,76355.84791570579,-194.61880425219715,-307.4585671071799,112.83976285498272,41.84396754390304,951.0260428738328,0.37261374005283704,16.173408577108777,-0.00801867283805935,0.005812904930592704,0.18358128780787486,0.00081353693465139,0.011582293362790487,0.6491711667688961,-0.001738237500152482,0.010217776040882753,0.5425059094995155,167.7241522637487,0.5018231999085387,0.9897277076599268,78.99334861227011,4,7
2025-02-24 00:00:00+05:30,7.585648938371166e-05,0.007387136851807561,0.012780176131971077,0.014889583483844417,False,HOLD,HOLD,False,74175.89119527853,,,75871.27718486477,76185.04601140281,76639.94816120715,76334.63536835955,-343.6902476981195,-314.7049032253678,-28.985344472751706,38.527820885944905,947.9809542215822,0.24502426352983622,16.644194117914928,-0.009942719008436721,0.004218359620084333,0.828315612110112,-0.0010482079339131113,0.011766467293887313,1.0619809685034332,-0.001799575420340919,0.010268726694179262,0.5412714117005993,-2132.78325711425,-0.38974124207083627,0.012880282031931905,76.62166604151976,0,4
2025-02-25 00:00:00+05:30,7.083590870647578e-05,0.007593508922974753,0.01213611141903494,0.014889583483844417,False,HOLD,HOLD,False,74488.94203797661,,,75532.19998694753,76002.39557357332,76543.31847626877,76313.15532683635,-460.4041106510558,-343.84474471050544,-116.55936594055038,38.326350093999196,904.0061000589197,0.25425201039589107,17.100065615835415,-0.009375372650268169,0.005344481790641669,1.330525281961988,-0.00159506761466939,0.011589154899764495,1.27054352032299,-0.0008301048713914863,0.009328481657821752,0.8113921475885114,-1525.230728868366,-0.33029676627079035,0.2508334146515039,77.63227974648834,1,3
2025-02-26 00:00:00+05:30,0.00010020335222281277,0.010953094976681116,0.011634383166542415,0.014889583483844417,False,HOLD,HOLD,False,74549.58012279744,,,75323.54839715334,75864.80888851907,76462.75469437496,76295.0039508278,-521.6271085824119,-379.40121748488673,-142.22589109752516,40.50705216901293,867.3383800534796,0.31743797987783895,17.351263911615657,-0.006764602376867138,0.00813161190914911,0.6470145797631742,-0.0018617538030902467,0.011401669383106402,1.3833242815142104,-0.0001337878826635646,0.009148405307919211,0.6693832042455901,-461.1270544033614,-0.038958465482820344,0.6332604887732819,77.65623344446976,2,2
2025-02-27 00:00:00+05:30,0.00010938627457987606,0.011995813512805138,0.01130685966788934,0.014889583483844417,False,HOLD,HOLD,False,73882.64095048478,,,75168.75474228217,75745.24263708982,76387.72824058762,76277.63654955388,-558.8121502399881,-415.283404035907,-143.52874620408113,40.942650214093526,835.3806531201857,0.3339440910902412,17.681657774088404,-0.004164424977995184,0.008042305257541066,-0.5418093277720311,-0.0021560851229532906,0.011277823096729117,1.5119705969670019,-0.0002517016955046106,0.00911870415983958,0.7163305173381371,794.0335013737931,0.4176361055177228,1.09112476747781,78.2932085553473,3,1
2025-02-28 00:00:00+05:30,0.00011612349554748931,0.01245803939146609,0.011083203773640781,0.014889583483844417,False,HOLD,HOLD,False,74700.0088343688,,,74911.5319839227,75575.91521103481,76289.48952332868,76253.8057475731,-634.7806251107249,-459.1828482508706,-175.59777685985432,37.675252238510176,827.9154198040759,0.22314188094120677,18.222841653070898,-0.0030149868347120914,0.006396319139182993,-0.2861912574887854,-0.005516829836385723,0.0063368694786041565,0.06584873470469044,-0.0006034943324899362,0.00932116939901758,0.7487569941960518,-859.7607003680605,-0.6627884536448175,0.3662995767864974,78.32110679315792,4,0
2025-03-03 00:00:00+05:30,9.381757851069285e-05,0.009717687186215976,0.011047514890209494,0.014889583483844417,False,HOLD,HOLD,False,75380.8363414653,,,74869.22735401192,75496.28735861061,76227.15694729103,76238.34508177008,-621.862982205479,-491.71887504179233,-130.14410716368673,43.61422910307568,832.7709119187829,0.372975801617051,18.09517338724876,0.0012785677573995864,0.007287892728233788,-0.1553086499635622,-0.0043320756255185704,0.008154241874381407,0.6104054753951136,8.864815918591812e-05,0.009654311433667892,0.5368034493055148,2175.353217788783,1.505023233683749,1.4433434734428274,79.44105349955197,0,28
2025-03-04 00:00:00+05:30,0.00014843181074770896,0.015072702994704186,0.010946441000034673,0.014788449952031168,False,HOLD,HOLD,False,75251.61401042897,,,74971.54915150261,75485.7918115974,76193.96790392532,76229.81265649342,-550.3445379705227,-503.44400762753844,-46.90053034298421,48.05444137699976,823.7373529225432,0.4905744088732658,17.31902149692169,0.003222780382287232,0.007915056762632895,-0.9763916200228365,-0.0030762961339904716,0.009199215463191635,0.3393180136123562,0.0006278024992510283,0.00984772345078787,0.3678647010770334,2786.0001349371305,1.7154024905242946,1.488793755962214,79.16022759579022,1,27
2025-03-05 00:00:00+05:30,0.00017836568782194316,0.01810996138631657,0.010537073901366325,0.014674346119373844,False,HOLD,HOLD,False,74903.29896088918,,,75027.56212328788,75464.50292058209,76157.01284927841,76220.07933663209,-498.34817031389684,-502.4248401648102,4.0766698509133334,47.29320744278421,789.2615966070247,0.460125136482059,16.75554790284682,0.002037333338830401,0.008169721346602255,-0.2487974370288531,-0.0023636345190183707,0.008976234160559494,0.10411335416365919,0.00040998409946866866,0.009849037445033525,0.440162147789906,3867.7097427094704,1.7501530870152278,1.6441721857718972,80.08716736101721,2,26
2025-03-06 00:00:00+05:30,0.00012124529785966848,0.012764228891228859,0.01014781218442039,0.014590047512355922,False,HOLD,HOLD,False,75412.95,,,75002.70949080813,75413.48437879182,76107.84759875335,76206.97704433613,-479.7169099158491,-497.883254115018,18.16634419916892,45.21409580750369,765.2764528730855,0.3783099452434888,16.401921081941342,0.0009467050771318402,0.008719401072642831,0.23890480016591992,-0.001608859950431675,0.008354211458136732,0.012327334852636316,0.0007731372813729914,0.009498834507972832,0.4817336996210698,3833.5696841877507,1.3557865818527735,1.4745267922891927,79.91640163190085,3,25
2025-03-07 00:00:00+05:30,0.00018037957210859307,0.0191389404977552,0.010275547443739229,0.014485182654849339,False,HOLD,HOLD,False,75598.37,,,75084.7575926465,75413.43579890166,76080.59671252772,76199.07627772584,-418.996985858219,-482.10600046365823,63.109014605439256,48.763411301219925,776.8146376043524,0.4683351372155025,15.50470538155201,0.004100221950018709,0.006887663748132085,-0.5014495851387389,0.0005426175576533058,0.007302790424642274,-0.10496498916079401,0.0006780772461523485,0.009424741778665844,0.5073944842528294,3587.495880775954,1.0212509285142317,1.2639257460290478,78.59787810914182,4,24
2025-03-10 00:00:00+05:30,0.0002164225777192048,0.023341963406273557,0.0101059049915737,0.014266838364414123,False,HOLD,HOLD,False,74310.87,,,75187.48007411721,75430.2479990015,76061.68586105604,76193.09910083305,-351.8581623275095,-456.0564328364285,104.198270508919,50.03175858285858,750.9785920611843,0.499766902053807,14.671576516904775,0.002390902340616172,0.005705619750304812,-0.07576873679729586,0.0018347350490078764,0.006198235673478144,-0.18388549665425633,0.0003932635575473832,0.009271824051486495,0.6051254688352052,3874.9575799918384,0.965449031996318,1.248671828633439,80.8415323165178,0,21
2025-03-11 00:00:00+05:30,0.00012456482776599962,0.012462046459435926,0.010818520088949462,0.014176872298701775,False,HOLD,HOLD,False,74265.12,,,75012.15805929377,75328.48636272862,75993.02641552444,76174.37045306356,-397.95329303901235,-444.43580487694527,46.48251183793292,42.21692222701136,803.4386926282424,0.25548798407703194,15.200969612806716,-0.002859168594100505,0.009092209804086272,-1.04968580907083,0.00018180589409336098,0.008652172938936284,-0.8118664951994982,-0.0007066308602880139,0.009995535498239335,0.5285899982238815,2997.3238864748564,0.40719085063460386,0.8674395856836656,81.16948559397828,1,20
2025-03-12 00:00:00+05:30,0.00011442605818258133,0.011634087345415337,0.010446642976906843,0.014080693827386437,False,HOLD,HOLD,False,74513.91,,,74862.75044743501,75231.81669338966,75925.26537962153,76155.37293611765,-433.1822040746629,-442.18508471648886,9.002880641825982,41.9660797586624,778.4202145833685,0.26751726136681137,15.692548916144233,-0.0026391917454330308,0.009139970067286379,-1.1483384777947605,-0.0003009292033013172,0.008536251558353549,-0.6477991990749402,-0.0010813415031957813,0.009835413366367186,0.6550655160008434,5139.154810815802,1.331854901206277,1.5705821826786197,83.6083895719358,2,19
2025-03-13 00:00:00+05:30,0.00013794559793008557,0.014040039013639302,0.010127215170498789,0.014028665724693396,False,HOLD,HOLD,False,73728.51,,,74792.98235794801,75166.55244853605,75869.91810983245,76139.03997157917,-436.0001576886425,-440.9480993109196,4.947941622277085,43.91757625911176,746.6644849702716,0.3324483654223984,16.1490154121005,-0.0010424230116814937,0.009396949475410367,-1.8049271405025518,-4.785896727482913e-05,0.0086101621769495,-0.7312760973342718,-0.001101972045114059,0.00982515773610581,0.662479544730492,6016.60621340535,1.448480654068566,1.8351888181661422,85.85779441429828,3,18
2025-03-14 00:00:00+05:30,9.905596363202893e-05,0.012461146112443353,0.010404795933207877,0.013978977363823454,False,HOLD,HOLD,False,73911.44,,,74580.08788635842,75035.82131685095,75785.94132121156,76115.05459872764,-495.89228479145095,-451.9369364070259,-43.955348384425065,39.41193801388462,769.033450329538,0.19719408080359568,17.22654085566433,-0.004517889600485734,0.00898449895939413,-0.7864668026141103,-0.00020883382523351532,0.00880860785177452,-0.7077964293013486,-0.0028628318308096183,0.007949185631738513,-0.07915176154639925,6233.390523555514,1.618285089815328,1.6905041324817005,87.7159792863344,4,17
2025-03-17 00:00:00+05:30,0.0001419440044255963,0.017681284361889652,0.010193803220205406,0.013904148162583367,False,HOLD,HOLD,False,72646.83,,,74446.35830908673,74933.60483350087,75712.43146547777,76093.12808530747,-522.5724153159681,-466.06403218881434,-56.50838312715376,40.931957839508215,740.5474895917147,0.24281963945639487,17.771327265906002,-0.004513420468859586,0.008988839539478806,-0.7859376877656994,-0.0010612590641217098,0.007976266988523458,-0.9312078584155833,-0.0026966673448201393,0.008027923849895388,-0.12955856760529477,6014.423244322112,1.2141877257037308,1.4502910780582203,87.68064010527029,0,14
2025-03-18 00:00:00+05:30,3.6737142781610215e-05,0.0042399188089777586,0.0106102560331947,0.013762735998573042,False,HOLD,HOLD,False,73835.82,,,74086.45264726938,74725.71621227352,75592.21180016492,76058.83656207059,-638.4009800822969,-500.5314217675109,-137.869558314786,34.490076637590874,783.416954620878,-0.05591206955716669,19.1299763697242,-0.004529496921690724,0.009017178689016882,-0.791755083295839,-0.003694332757895617,0.008582191861508,-0.7191805718832006,-0.003385314445943044,0.008664586384017932,-0.11504385360945191,4726.465039631614,0.0835613773039204,0.880817017604329,88.5543827917769,1,13
2025-03-19 00:00:00+05:30,5.401761227877262e-05,0.00562829492556009,0.011011675481500817,0.013674280741662133,False,HOLD,HOLD,False,74964.85,,,74036.32611781551,74644.81655661229,75523.33369035453,76036.7169942888,-627.0264256390219,-525.8304225418132,-101.19600309720875,43.4943441125543,825.4886007193866,0.2699867462053851,18.897382534403565,-0.001159482721439075,0.013079263504846304,0.07251821199080749,-0.0018993372334360555,0.010666138495411046,-0.1073421140532834,-0.0021314858762272126,0.009597509191186734,-0.012410961491933149,6169.995988513459,1.0708945091667834,1.2762938610668044,88.00142107470785,2,12
2025-03-20 00:00:00+05:30,0.00012443472841069727,0.012407262950890847,0.011762311934041527,0.01339278429839104,False,HOLD,HOLD,False,74752.99,,,74222.03089425241,74673.91050601116,75501.43236916416,76026.05165106204,-520.9040661676263,-524.8451512669758,3.9410850993494932,50.45785227900891,879.2679863822871,0.6729267038921907,17.694045069804282,0.0012067035289183281,0.015023449610937958,-0.2234329845447906,8.214025861841487e-05,0.011872813090381946,-0.29531126487111214,-0.0007633598459066292,0.01002918443037937,-0.1091050019352006,7148.884918503725,1.442951079742399,1.4507811039955003,87.81940840721118,3,11
2025-03-21 00:00:00+05:30,7.913772032276716e-05,0.008334241964469764,0.011146112861199384,0.01339278429839104,False,HOLD,HOLD,False,75094.75,,,74328.22271540193,74681.09955091923,75472.08168802047,76013.38437095197,-448.7240515827143,-509.62093133012354,60.89687974740923,49.23179706928821,837.0145587835524,0.6018135516019052,16.514365150808626,0.002759929708732434,0.013854058249684997,-0.6010824506080596,-0.0008789799458766529,0.011657335510751963,-0.030556490965002132,-0.0001681811941116728,0.009495491090868755,-0.1521401236232755,7348.475225001006,1.2871149612095538,1.3600033165626542,89.29178198097848,4,10
2025-03-24 00:00:00+05:30,0.00011911026006482282,0.012906670688063098,0.011344901645874546,0.01339278429839104,False,HOLD,HOLD,False,72968.77,,,74481.52817232154,74718.7041371993,75457.28436692162,76004.24373044498,-359.7961877161142,-479.65598260732173,119.85979489120751,51.288037250345965,827.8235188704413,0.7078722881541543,15.670673124804186,0.0031766059546720115,0.013874775714518965,-0.7476908149759104,-0.0006684072570937898,0.011742968655352619,-0.08651453513226931,0.000583163895957044,0.009228581323840817,-0.3486294672797416,8868.07780120337,1.7609678680764513,1.7278693456299652,91.12358300817914,0,7
2025-03-25 00:00:00+05:30,-2.9638288708939395e-05,0.0026175944923942946,0.013079446395176364,0.013317083765688246,False,HOLD,HOLD,False,71977.63,,,74178.97653785723,74559.61921563573,75359.69556821881,75974.04001173409,-455.6169645987975,-474.84817900561694,19.231214406819447,40.34189728604655,941.4275532368382,0.01564311586045415,15.944684979177987,0.0008843572379678574,0.018327128636322052,-1.3137767032087562,-0.0018225698418614356,0.013912612840324886,-0.6464141718606263,-0.0008203819738840368,0.011322719693618193,-0.7868395147624051,9081.650945235277,1.6673449275231482,1.6659859230746874,94.21621023234809,1,6
2025-03-26 00:00:00+05:30,-5.892516554967614e-06,0.0005076591029081995,0.013235954032925872,0.013231089830838172,True,HOLD,HOLD,False,71738.68,,,73738.70723028579,74324.8929233052,75227.06554593572,75934.2747379855,-604.5633058647218,-500.7912043774379,-103.77210148728386,36.43750000077924,949.5298708627785,-0.12660694294995045,16.623785526646596,-0.005097720682417482,0.016889335988574405,-0.3949230102894517,-0.003128601701928281,0.014391515677454874,-0.32034346577323086,-0.0017147654526147988,0.011607231154157327,-0.5572224642600798,8026.3972052389,0.764680371793561,1.1959556033246523,93.78919425223233,2,5
2025-03-27 00:00:00+05:30,-7.121122115202156e-05,0.006140661000790813,0.012966716508174155,0.0132153087115421,False,HOLD,HOLD,False,70835.8,,,73338.70178422863,74089.78265755018,75090.26611276178,75892.52752666226,-733.4310854221985,-547.3191805863901,-186.11190483580845,35.5443488539871,918.5077372297229,-0.060579856853631986,17.49387636018778,-0.008797852970641933,0.012890767579888341,-1.0234002880753406,-0.003795574720861805,0.014211621163785498,-0.1696504563326487,-0.0019217168440683167,0.011596670316575164,-0.5000164950000061,7870.999468834139,0.525824274174393,1.0442022639142716,92.90222597177174,3,4
2025-03-28 00:00:00+05:30,-3.308680118653213e-05,0.002817602631295009,0.012994152252901693,0.013182721811686742,False,HOLD,HOLD,False,71459.95,,,72838.12142738291,73793.96605231834,74923.42430441818,75842.21182987955,-898.0622963527276,-617.4678037396576,-280.59449261307,32.32058458909995,928.5614702847423,-0.1085641718104973,18.6958835905895,-0.010764937770273725,0.012496857086959034,-0.38582782258396586,-0.004002504030770649,0.014336164716322878,-0.1292047170091832,-0.002105668928002081,0.011742891215048653,-0.46140173817294544,7046.754703660597,-0.13724994827612497,0.672825916198552,93.5145625801402,4,3
2025-03-31 00:00:00+05:30,2.8007688563996888e-05,0.0024099148677896452,0.012778803559429142,0.013098730200002968,False,HOLD,HOLD,False,73208.0,,,72562.48714190633,73581.78277483485,74787.6017826763,75798.60723455736,-967.0227915677824,-687.3788013052826,-279.64399026249976,36.601303102396024,935.5106509786887,0.07440688069569777,18.93621525810036,-0.009922699326533344,0.013856024767626887,0.016771805058709576,-0.0033730466859306684,0.014783529841169405,-0.19967678060385977,-0.0022171528750261882,0.011621858074051104,-0.47993788714082836,8054.167663427026,0.4824130795088688,1.0663423146426163,95.09853904107038,0,0
2025-04-01 00:00:00+05:30,-2.5545092868467582e-05,0.0019923149616885042,0.014121695085537388,0.01305279998520682,True,HOLD,HOLD,False,72196.05,,,72691.58971352507,73547.80252257713,74725.6566147282,75772.83004814386,-870.5858827867924,-724.0202176015846,-146.56566518520776,46.75822586884797,1019.5306044802115,0.39863903479784635,17.839679535492692,0.0006546326439815106,0.01594833974702833,0.8386571213101236,0.0007694949409746815,0.01619692931264189,-0.36388200288272265,-0.0014624189084604673,0.012821814502069439,-0.08420148016431918,9026.201833038074,1.216011150840185,1.4203582552730651,93.69411397380763,1,29
2025-04-02 00:00:00+05:30,-0.00010301027703996281,0.007850563752686775,0.014602746375955782,0.013098730200002968,True,HOLD,HOLD,False,71488.45,,,72592.48177082006,73424.91592961556,74626.4563553271,75737.24019691854,-865.8340496075107,-752.3829840027698,-113.45106560474085,42.51217643996299,1043.927704160196,0.24276527600059747,17.57284428996464,0.0006059917929628143,0.016003250477429187,0.829757684522041,-0.0022458644447273367,0.01579994945110652,0.09148718630371407,-0.0020726008390816956,0.01312138596476063,0.026524567042574238,8703.971391094245,0.7562287534376368,1.1383304599048378,95.39149459725958,2,28
2025-04-03 00:00:00+05:30,-0.00011523570543711523,0.008712601650846278,0.014304700948122659,0.013098730200002968,True,HOLD,HOLD,False,71705.05,,,72371.67541665604,73248.87357237778,74503.39728256917,75694.96367754623,-908.6907723347831,-783.6445416691726,-125.04623066561055,39.79118399598778,1025.7192967201827,0.15571116350169814,17.562340721949493,-0.0006988347936410476,0.016656561367097117,1.0310145379063376,-0.004748343882141494,0.014675894597289527,0.5088449219660202,-0.002333101811761539,0.013226325505874824,0.08009910001448828,6406.088860770928,-1.8119739223019706,-0.11442240874426741,92.35858265808534,3,27
2025-04-04 00:00:00+05:30,-9.712269290958573e-05,0.007404723945013508,0.013754332252377894,0.013182721811686742,True,HOLD,HOLD,False,73119.46,,,72238.35033332484,73108.5259748889,74393.65817344881,75655.26304393882,-914.6338938751142,-809.8424121103609,-104.79148176475326,41.035301470521524,1005.7093469544554,0.22110071327036498,17.03168907412795,0.0024393309725854215,0.01525770697358084,0.501951778427678,-0.004162803398844154,0.014876372090437242,0.36038228669505057,-0.0025208916723604034,0.013116315156487384,0.11422538961430047,6433.778729833844,-1.4876357952885266,-0.19129016014188316,91.53829049257867,4,26
2025-04-07 00:00:00+05:30,-3.0201095250821934e-05,0.002159612232124182,0.014383558321029102,0.0132153087115421,True,HOLD,HOLD,False,72069.15,,,72414.57226665987,73109.51997717172,74343.68961762729,75630.03117285485,-796.0365800520085,-807.0812456986905,11.044665646682006,48.51649603586938,1036.6108221719944,0.49675753323596716,15.909568042160695,0.00459147781907816,0.01703031936533629,0.1248313710448362,-0.002665610753727594,0.016515104688070086,0.3121867657421885,-0.001667009005410691,0.013984499069592838,0.11718431186182379,8425.232492105097,0.5254577078642706,0.9005267520603962,92.55132633140298,0,23
2025-04-08 00:00:00+05:30,-5.255766040940859e-05,0.0037978698396969705,0.014912709686832162,0.013339629676816277,True,HOLD,HOLD,False,72299.31,,,72345.4878133279,73014.94088833792,74254.49198556348,75594.59951939361,-777.8322278538399,-801.2314421297204,23.39921427588058,44.04734091853477,1078.1786205882813,0.3130482837781592,15.697975828769401,-0.0031357259670716916,0.014505495121689265,1.211073456133313,-0.0012405466615450927,0.0145103517211715,0.8198867833226772,-0.0015315582517032638,0.01383872081661496,0.12434512642033421,7849.180368437999,0.07251643244175318,0.4766048072342771,93.06055931006593,1,22
2025-04-09 00:00:00+05:30,-7.626244509786545e-05,0.005495180445366403,0.01406194906350391,0.013781079629634874,True,HOLD,HOLD,False,73911.63,,,72336.25225066232,72949.88353485266,74177.81818220805,75561.81056895189,-736.3450319395633,-788.2541600916891,51.90912815212573,45.23779851747605,1039.3415762605475,0.37501506450919503,15.304738491913898,0.00028585005796147105,0.013292955353432766,0.5184298197971049,0.00044592092546214045,0.013870364003526854,0.5848588803597725,-0.0013413403882330702,0.013878060212230299,0.0798836920424932,7990.517508197518,0.23470581328344947,0.5101528800400099,94.51878022260985,2,21
2025-04-10 00:00:00+05:30,8.474958965006669e-05,0.00572247091480669,0.015106655891194408,0.013922845123631018,True,HOLD,HOLD,False,72475.53,,,72651.32780052986,73037.31503168424,74167.3794299646,75545.39086179814,-566.8313025828975,-743.9695885899308,177.13828600703334,52.81190973684277,1094.862892241937,0.7079563333130617,14.558640904909135,0.006666858442641606,0.014785317773857156,-0.4843640025800311,0.0029840118245002766,0.015347168487041596,0.1950857664262129,-0.00040578144818076406,0.01480996424652507,0.08359489313952752,9449.380846721884,1.45378544202307,1.5213515416628514,94.57167803283916,3,20
2025-04-11 00:00:00+05:30,-1.633087733802476e-05,0.0010696684100432732,0.016104218303326902,0.014073898267910605,True,HOLD,HOLD,False,71384.17,,,72616.1682404239,72986.24366516748,74101.03239349539,75514.84498257627,-542.1224684421177,-703.6001645603683,161.4776961182506,46.626081934778824,1149.5862570817992,0.4260877051449715,14.156468722199794,0.002137562033022009,0.019037140802334224,-0.1034771514287674,0.0022884465028037136,0.016265399777545642,0.07523090492712668,-0.0008570287639834671,0.015267233457295519,0.07565575029599407,6202.967279618693,-1.4380064364768144,-1.0676851967072698,91.0557540132793,4,19
2025-04-14 00:00:00+05:30,-7.498755905221977e-05,0.004815712803808012,0.016735044056325574,0.014158296258054443,True,HOLD,HOLD,False,71036.44,,,72369.76859233913,72840.60060469771,73994.48877022107,75473.74373896855,-603.6457184065512,-683.6092753296049,79.96355692305372,42.54750991650399,1188.7979530045282,0.2294030565963581,14.399874548362302,-0.004803681183442505,0.017362193897385626,1.1636299084808543,-0.00010610168218217371,0.016952819333437872,0.44050205811289966,-0.0017395741840564207,0.01557143503095192,0.21442720693265832,5292.17551479947,-1.6332973931425045,-1.6902716987479989,90.02568920954029,0,16
2025-04-15 00:00:00+05:30,-4.691114052696405e-05,0.003093820124725513,0.016106658346294225,0.014320472422703947,True,HOLD,HOLD,False,70608.17,,,72103.1028738713,72676.58600427065,73878.48685766337,75429.59146295891,-672.7076866874413,-681.4289576011722,8.721270913730905,41.307661382558315,1137.2616706470615,0.18829862702109068,14.62589424408463,-0.0028866179924190993,0.016537878322811908,0.8467665225221817,-0.0030111719797453968,0.014665902895035597,0.7994620743153693,-0.0011208385193853575,0.015162853248013588,0.15830105799418573,4125.035556199131,-1.775901875143089,-2.4249275065905915,89.03774961175864,1,15
2025-04-16 00:00:00+05:30,-8.871323141797901e-05,0.00606388110512501,0.015579994412273335,0.014421753018031811,True,HOLD,HOLD,False,71314.31,,,71804.11629909705,72488.54818570058,73750.23913775501,75381.6171200439,-753.3138705350138,-695.8059401879406,-57.507930347073284,39.77051279046629,1111.0765513151284,0.14712214339908297,15.149190989444232,-0.004733745073446473,0.01620206698323216,1.4485735459311653,-0.002223947507742502,0.014219819441102972,0.730590991998058,-0.0022349059762349194,0.014629777510479426,0.3307360520455914,2849.165307484902,-1.8023115540586048,-2.6115900275403185,87.63469286129059,2,14
2025-04-17 00:00:00+05:30,-3.2745835777224276e-05,0.0022825034093601256,0.015134020806402486,0.01458017472002527,True,HOLD,HOLD,False,71535.73,,,71706.15503927764,72381.7992597278,73654.71250490188,75341.14640243154,-751.551833714344,-706.9551188932213,-44.596714821122646,43.50356553818533,1082.6232262211904,0.29907505988910454,15.165933295889998,-0.0071546363716341295,0.011387505768154109,0.7238560301999218,-0.00024388896449626334,0.014417227096726815,0.28656269652481464,-0.0024961164233188783,0.01434645645782593,0.34274081183457467,3390.379913903773,-1.2466111078513915,-1.9432618765946779,85.9158258078078,3,13
